dataset,numelements,load_factor,sample_size,bucket_size,model,reducer,sample_size,insert_nanoseconds_total,insert_nanoseconds_per_key,lookup_nanoseconds_total,lookup_nanoseconds_per_key
books_200M_uint32,199999999,0.250000,0.010000,1,pgm_hash_eps64_epsrec1,min_max_cutoff,0.010000,20620393991,103.101970,43968613515,219.843069
books_200M_uint32,199999999,0.250000,0.010000,1,pgm_hash_eps8_epsrec1,min_max_cutoff,0.010000,33117519257,165.587597,50213256068,251.066282
books_200M_uint32,199999999,0.250000,0.010000,2,pgm_hash_eps64_epsrec1,min_max_cutoff,0.010000,21225078078,106.125391,43759942348,218.799713
books_200M_uint32,199999999,0.250000,0.010000,2,pgm_hash_eps8_epsrec1,min_max_cutoff,0.010000,33807473672,169.037369,49191470292,245.957353
books_200M_uint32,199999999,0.500000,0.010000,1,pgm_hash_eps64_epsrec1,min_max_cutoff,0.010000,23171388784,115.856944,44634539702,223.172700
books_200M_uint32,199999999,0.500000,0.010000,1,pgm_hash_eps8_epsrec1,min_max_cutoff,0.010000,36682417432,183.412088,54690606547,273.453034
books_200M_uint32,199999999,0.500000,0.010000,2,pgm_hash_eps64_epsrec1,min_max_cutoff,0.010000,22033293804,110.166470,43780569786,218.902850
books_200M_uint32,199999999,0.500000,0.010000,2,pgm_hash_eps8_epsrec1,min_max_cutoff,0.010000,35243065343,176.215328,50010335643,250.051679
books_200M_uint32,199999999,0.500000,0.010000,4,pgm_hash_eps64_epsrec1,min_max_cutoff,0.010000,21513992820,107.569965,44008078819,220.040395
books_200M_uint32,199999999,0.500000,0.010000,4,pgm_hash_eps8_epsrec1,min_max_cutoff,0.010000,34599575361,172.997878,49702415409,248.512078
books_200M_uint32,199999999,0.750000,0.010000,1,pgm_hash_eps64_epsrec1,min_max_cutoff,0.010000,27056596849,135.282985,46118855331,230.594278
books_200M_uint32,199999999,0.750000,0.010000,1,pgm_hash_eps8_epsrec1,min_max_cutoff,0.010000,41125723445,205.628618,59623484175,298.117422
books_200M_uint32,199999999,0.750000,0.010000,2,pgm_hash_eps64_epsrec1,min_max_cutoff,0.010000,23461061607,117.305309,44102522212,220.512612
books_200M_uint32,199999999,0.750000,0.010000,2,pgm_hash_eps8_epsrec1,min_max_cutoff,0.010000,37405665082,187.028326,51073390007,255.366951
books_200M_uint32,199999999,0.750000,0.010000,4,pgm_hash_eps64_epsrec1,min_max_cutoff,0.010000,22450814279,112.254072,44123274643,220.616374
books_200M_uint32,199999999,0.750000,0.010000,4,pgm_hash_eps8_epsrec1,min_max_cutoff,0.010000,36136785281,180.683927,49654144367,248.270723
books_200M_uint32,199999999,1.000000,0.010000,1,pgm_hash_eps64_epsrec1,min_max_cutoff,0.010000,32149798215,160.748992,48488178735,242.440895
books_200M_uint32,199999999,1.000000,0.010000,1,pgm_hash_eps8_epsrec1,min_max_cutoff,0.010000,45204234707,226.021175,64963658599,324.818295
books_200M_uint32,199999999,1.000000,0.010000,2,pgm_hash_eps64_epsrec1,min_max_cutoff,0.010000,25121197567,125.605988,44751566404,223.757833
books_200M_uint32,199999999,1.000000,0.010000,2,pgm_hash_eps8_epsrec1,min_max_cutoff,0.010000,39820646661,199.103234,53074652181,265.373262
books_200M_uint32,199999999,1.000000,0.010000,4,pgm_hash_eps64_epsrec1,min_max_cutoff,0.010000,23074890052,115.374451,43996632089,219.983162
books_200M_uint32,199999999,1.000000,0.010000,4,pgm_hash_eps8_epsrec1,min_max_cutoff,0.010000,37362528455,186.812643,49836837099,249.184187
books_200M_uint64,200000000,0.250000,0.010000,1,pgm_hash_eps64_epsrec1,min_max_cutoff,0.010000,33118749448,165.593747,54153346462,270.766732
books_200M_uint64,200000000,0.250000,0.010000,1,pgm_hash_eps8_epsrec1,min_max_cutoff,0.010000,47838733067,239.193665,64762873885,323.814369
books_200M_uint64,200000000,0.250000,0.010000,2,pgm_hash_eps64_epsrec1,min_max_cutoff,0.010000,27992973277,139.964866,49177838929,245.889195
books_200M_uint64,200000000,0.250000,0.010000,2,pgm_hash_eps8_epsrec1,min_max_cutoff,0.010000,41330871087,206.654355,54961288280,274.806441
books_200M_uint64,200000000,0.500000,0.010000,1,pgm_hash_eps64_epsrec1,min_max_cutoff,0.010000,41273347697,206.366738,59532674273,297.663371
books_200M_uint64,200000000,0.500000,0.010000,1,pgm_hash_eps8_epsrec1,min_max_cutoff,0.010000,56018289866,280.091449,73792816809,368.964084
books_200M_uint64,200000000,0.500000,0.010000,2,pgm_hash_eps64_epsrec1,min_max_cutoff,0.010000,31881806049,159.409030,51250343695,256.251718
books_200M_uint64,200000000,0.500000,0.010000,2,pgm_hash_eps8_epsrec1,min_max_cutoff,0.010000,45218594931,226.092975,58503977733,292.519889
books_200M_uint64,200000000,0.500000,0.010000,4,pgm_hash_eps64_epsrec1,min_max_cutoff,0.010000,27772717372,138.863587,48056931809,240.284659
books_200M_uint64,200000000,0.500000,0.010000,4,pgm_hash_eps8_epsrec1,min_max_cutoff,0.010000,40655544952,203.277725,52680665253,263.403326
books_200M_uint64,200000000,0.750000,0.010000,1,pgm_hash_eps64_epsrec1,min_max_cutoff,0.010000,49503628060,247.518140,65596648615,327.983243
books_200M_uint64,200000000,0.750000,0.010000,1,pgm_hash_eps8_epsrec1,min_max_cutoff,0.010000,64779466647,323.897333,83366063651,416.830318
books_200M_uint64,200000000,0.750000,0.010000,2,pgm_hash_eps64_epsrec1,min_max_cutoff,0.010000,35766796191,178.833981,53175179421,265.875897
books_200M_uint64,200000000,0.750000,0.010000,2,pgm_hash_eps8_epsrec1,min_max_cutoff,0.010000,48752546836,243.762734,61708271572,308.541358
books_200M_uint64,200000000,0.750000,0.010000,4,pgm_hash_eps64_epsrec1,min_max_cutoff,0.010000,29371459294,146.857296,48793821213,243.969106
books_200M_uint64,200000000,0.750000,0.010000,4,pgm_hash_eps8_epsrec1,min_max_cutoff,0.010000,42622625557,213.113128,53643476769,268.217384
books_200M_uint64,200000000,1.000000,0.010000,1,pgm_hash_eps64_epsrec1,min_max_cutoff,0.010000,55951516497,279.757582,70121870883,350.609354
books_200M_uint64,200000000,1.000000,0.010000,1,pgm_hash_eps8_epsrec1,min_max_cutoff,0.010000,70902417434,354.512087,90063802900,450.319015
books_200M_uint64,200000000,1.000000,0.010000,2,pgm_hash_eps64_epsrec1,min_max_cutoff,0.010000,39543811967,197.719060,56011708554,280.058543
books_200M_uint64,200000000,1.000000,0.010000,2,pgm_hash_eps8_epsrec1,min_max_cutoff,0.010000,53027978542,265.139893,65786194557,328.930973
books_200M_uint64,200000000,1.000000,0.010000,4,pgm_hash_eps64_epsrec1,min_max_cutoff,0.010000,30970645323,154.853227,49413202484,247.066012
books_200M_uint64,200000000,1.000000,0.010000,4,pgm_hash_eps8_epsrec1,min_max_cutoff,0.010000,44480373156,222.401866,54861692271,274.308461
fb_200M_uint64,200000000,0.250000,0.010000,1,pgm_hash_eps64_epsrec1,min_max_cutoff,0.010000,84246647460,421.233237,97424712985,487.123565
fb_200M_uint64,200000000,0.250000,0.010000,1,pgm_hash_eps8_epsrec1,min_max_cutoff,0.010000,102538284933,512.691425,121333459665,606.667298
fb_200M_uint64,200000000,0.250000,0.010000,2,pgm_hash_eps64_epsrec1,min_max_cutoff,0.010000,53291034100,266.455171,68085630045,340.428150
fb_200M_uint64,200000000,0.250000,0.010000,2,pgm_hash_eps8_epsrec1,min_max_cutoff,0.010000,70848944898,354.244724,82322038317,411.610192
fb_200M_uint64,200000000,0.500000,0.010000,1,pgm_hash_eps64_epsrec1,min_max_cutoff,0.010000,123042919981,615.214600,133119846983,665.599235
fb_200M_uint64,200000000,0.500000,0.010000,1,pgm_hash_eps8_epsrec1,min_max_cutoff,0.010000,145277902896,726.389514,162907410479,814.537052
fb_200M_uint64,200000000,0.500000,0.010000,2,pgm_hash_eps64_epsrec1,min_max_cutoff,0.010000,74077299204,370.386496,83824009737,419.120049
fb_200M_uint64,200000000,0.500000,0.010000,2,pgm_hash_eps8_epsrec1,min_max_cutoff,0.010000,90760092565,453.800463,101284685087,506.423425
fb_200M_uint64,200000000,0.500000,0.010000,4,pgm_hash_eps64_epsrec1,min_max_cutoff,0.010000,49239315468,246.196577,62498286561,312.491433
fb_200M_uint64,200000000,0.500000,0.010000,4,pgm_hash_eps8_epsrec1,min_max_cutoff,0.010000,64354488095,321.772440,73274838345,366.374192
fb_200M_uint64,200000000,0.750000,0.010000,1,pgm_hash_eps64_epsrec1,min_max_cutoff,0.010000,158334812395,791.674062,165794667454,828.973337
fb_200M_uint64,200000000,0.750000,0.010000,1,pgm_hash_eps8_epsrec1,min_max_cutoff,0.010000,182788335155,913.941676,200488874093,1002.444370
fb_200M_uint64,200000000,0.750000,0.010000,2,pgm_hash_eps64_epsrec1,min_max_cutoff,0.010000,90539164210,452.695821,98704774952,493.523875
fb_200M_uint64,200000000,0.750000,0.010000,2,pgm_hash_eps8_epsrec1,min_max_cutoff,0.010000,108678214923,543.391075,118155190881,590.775954
fb_200M_uint64,200000000,0.750000,0.010000,4,pgm_hash_eps64_epsrec1,min_max_cutoff,0.010000,58229012257,291.145061,69531225933,347.656130
fb_200M_uint64,200000000,0.750000,0.010000,4,pgm_hash_eps8_epsrec1,min_max_cutoff,0.010000,73119943454,365.599717,81408306874,407.041534
fb_200M_uint64,200000000,1.000000,0.010000,1,pgm_hash_eps64_epsrec1,min_max_cutoff,0.010000,188844316106,944.221581,195511693420,977.558467
fb_200M_uint64,200000000,1.000000,0.010000,1,pgm_hash_eps8_epsrec1,min_max_cutoff,0.010000,216295985128,1081.479926,233975210216,1169.876051
fb_200M_uint64,200000000,1.000000,0.010000,2,pgm_hash_eps64_epsrec1,min_max_cutoff,0.010000,105598496447,527.992482,112618230675,563.091153
fb_200M_uint64,200000000,1.000000,0.010000,2,pgm_hash_eps8_epsrec1,min_max_cutoff,0.010000,125036521877,625.182609,134247287624,671.236438
fb_200M_uint64,200000000,1.000000,0.010000,4,pgm_hash_eps64_epsrec1,min_max_cutoff,0.010000,67419269233,337.096346,77552846507,387.764233
fb_200M_uint64,200000000,1.000000,0.010000,4,pgm_hash_eps8_epsrec1,min_max_cutoff,0.010000,80929920003,404.649600,88991511372,444.957557
osm_cellids_200M_uint64,200000000,0.250000,0.010000,1,pgm_hash_eps64_epsrec1,min_max_cutoff,0.010000,125519314482,627.596572,135267387409,676.336937
osm_cellids_200M_uint64,200000000,0.250000,0.010000,1,pgm_hash_eps8_epsrec1,min_max_cutoff,0.010000,84543520127,422.717601,102643108726,513.215544
osm_cellids_200M_uint64,200000000,0.250000,0.010000,2,pgm_hash_eps64_epsrec1,min_max_cutoff,0.010000,79770603620,398.853018,90057990616,450.289953
osm_cellids_200M_uint64,200000000,0.250000,0.010000,2,pgm_hash_eps8_epsrec1,min_max_cutoff,0.010000,62532128186,312.660641,76049059755,380.245299
osm_cellids_200M_uint64,200000000,0.500000,0.010000,1,pgm_hash_eps64_epsrec1,min_max_cutoff,0.010000,199196760185,995.983801,205611329214,1028.056646
osm_cellids_200M_uint64,200000000,0.500000,0.010000,1,pgm_hash_eps8_epsrec1,min_max_cutoff,0.010000,119537708913,597.688545,137468838210,687.344191
osm_cellids_200M_uint64,200000000,0.500000,0.010000,2,pgm_hash_eps64_epsrec1,min_max_cutoff,0.010000,114392438305,571.962192,122304010085,611.520050
osm_cellids_200M_uint64,200000000,0.500000,0.010000,2,pgm_hash_eps8_epsrec1,min_max_cutoff,0.010000,79389293270,396.946466,90820486881,454.102434
osm_cellids_200M_uint64,200000000,0.500000,0.010000,4,pgm_hash_eps64_epsrec1,min_max_cutoff,0.010000,74529360077,372.646800,83742602523,418.713013
osm_cellids_200M_uint64,200000000,0.500000,0.010000,4,pgm_hash_eps8_epsrec1,min_max_cutoff,0.010000,60787386400,303.936932,71435433495,357.177167
osm_cellids_200M_uint64,200000000,0.750000,0.010000,1,pgm_hash_eps64_epsrec1,min_max_cutoff,0.010000,251871248937,1259.356245,256292215588,1281.461078
osm_cellids_200M_uint64,200000000,0.750000,0.010000,1,pgm_hash_eps8_epsrec1,min_max_cutoff,0.010000,144051049713,720.255249,161817329907,809.086650
osm_cellids_200M_uint64,200000000,0.750000,0.010000,2,pgm_hash_eps64_epsrec1,min_max_cutoff,0.010000,139445286525,697.226433,145925659608,729.628298
osm_cellids_200M_uint64,200000000,0.750000,0.010000,2,pgm_hash_eps8_epsrec1,min_max_cutoff,0.010000,93332085445,466.660427,103335884493,516.679422
osm_cellids_200M_uint64,200000000,0.750000,0.010000,4,pgm_hash_eps64_epsrec1,min_max_cutoff,0.010000,87668575763,438.342879,95510536329,477.552682
osm_cellids_200M_uint64,200000000,0.750000,0.010000,4,pgm_hash_eps8_epsrec1,min_max_cutoff,0.010000,67468111598,337.340558,77026341436,385.131707
osm_cellids_200M_uint64,200000000,1.000000,0.010000,1,pgm_hash_eps64_epsrec1,min_max_cutoff,0.010000,306774729318,1533.873647,310818449843,1554.092249
osm_cellids_200M_uint64,200000000,1.000000,0.010000,1,pgm_hash_eps8_epsrec1,min_max_cutoff,0.010000,170266814942,851.334075,188576551459,942.882757
osm_cellids_200M_uint64,200000000,1.000000,0.010000,2,pgm_hash_eps64_epsrec1,min_max_cutoff,0.010000,166775220336,833.876102,172027730973,860.138655
osm_cellids_200M_uint64,200000000,1.000000,0.010000,2,pgm_hash_eps8_epsrec1,min_max_cutoff,0.010000,106457629991,532.288150,115940447147,579.702236
osm_cellids_200M_uint64,200000000,1.000000,0.010000,4,pgm_hash_eps64_epsrec1,min_max_cutoff,0.010000,99749389348,498.746947,107191373187,535.956866
osm_cellids_200M_uint64,200000000,1.000000,0.010000,4,pgm_hash_eps8_epsrec1,min_max_cutoff,0.010000,73346893596,366.734468,82258960168,411.294801
wiki_ts_200M_uint64,90437011,0.250000,0.010000,1,pgm_hash_eps64_epsrec1,min_max_cutoff,0.010000,8400149478,92.883980,19183680010,212.122004
wiki_ts_200M_uint64,90437011,0.250000,0.010000,1,pgm_hash_eps8_epsrec1,min_max_cutoff,0.010000,9731506930,107.605358,20764441943,229.601152
wiki_ts_200M_uint64,90437011,0.250000,0.010000,2,pgm_hash_eps64_epsrec1,min_max_cutoff,0.010000,9348951248,103.375279,19627029805,217.024309
wiki_ts_200M_uint64,90437011,0.250000,0.010000,2,pgm_hash_eps8_epsrec1,min_max_cutoff,0.010000,10639102923,117.641028,21012847176,232.347873
wiki_ts_200M_uint64,90437011,0.500000,0.010000,1,pgm_hash_eps64_epsrec1,min_max_cutoff,0.010000,7520343143,83.155591,18397714935,203.431258
wiki_ts_200M_uint64,90437011,0.500000,0.010000,1,pgm_hash_eps8_epsrec1,min_max_cutoff,0.010000,8800589762,97.311816,19870121438,219.712275
wiki_ts_200M_uint64,90437011,0.500000,0.010000,2,pgm_hash_eps64_epsrec1,min_max_cutoff,0.010000,9162312697,101.311538,18858858534,208.530317
wiki_ts_200M_uint64,90437011,0.500000,0.010000,2,pgm_hash_eps8_epsrec1,min_max_cutoff,0.010000,9961095074,110.144010,20262277087,224.048505
wiki_ts_200M_uint64,90437011,0.500000,0.010000,4,pgm_hash_eps64_epsrec1,min_max_cutoff,0.010000,8648544505,95.630588,19351523816,213.977923
wiki_ts_200M_uint64,90437011,0.500000,0.010000,4,pgm_hash_eps8_epsrec1,min_max_cutoff,0.010000,10019835672,110.793530,20822277969,230.240670
wiki_ts_200M_uint64,90437011,0.750000,0.010000,1,pgm_hash_eps64_epsrec1,min_max_cutoff,0.010000,7311564729,80.847041,17532937550,193.869052
wiki_ts_200M_uint64,90437011,0.750000,0.010000,1,pgm_hash_eps8_epsrec1,min_max_cutoff,0.010000,8735640817,96.593648,19377088821,214.260606
wiki_ts_200M_uint64,90437011,0.750000,0.010000,2,pgm_hash_eps64_epsrec1,min_max_cutoff,0.010000,8410544208,92.998918,18268116492,201.998234
wiki_ts_200M_uint64,90437011,0.750000,0.010000,2,pgm_hash_eps8_epsrec1,min_max_cutoff,0.010000,9634716998,106.535111,19735580826,218.224603
wiki_ts_200M_uint64,90437011,0.750000,0.010000,4,pgm_hash_eps64_epsrec1,min_max_cutoff,0.010000,8375926960,92.616141,18895057057,208.930579
wiki_ts_200M_uint64,90437011,0.750000,0.010000,4,pgm_hash_eps8_epsrec1,min_max_cutoff,0.010000,9643920234,106.636875,20591599760,227.689964
wiki_ts_200M_uint64,90437011,1.000000,0.010000,1,pgm_hash_eps64_epsrec1,min_max_cutoff,0.010000,8138864675,89.994844,17054603928,188.579916
wiki_ts_200M_uint64,90437011,1.000000,0.010000,1,pgm_hash_eps8_epsrec1,min_max_cutoff,0.010000,9886591900,109.320197,20523574239,226.937777
wiki_ts_200M_uint64,90437011,1.000000,0.010000,2,pgm_hash_eps64_epsrec1,min_max_cutoff,0.010000,8578254865,94.853366,17875945765,197.661837
wiki_ts_200M_uint64,90437011,1.000000,0.010000,2,pgm_hash_eps8_epsrec1,min_max_cutoff,0.010000,9645359360,106.652788,19261609418,212.983702
wiki_ts_200M_uint64,90437011,1.000000,0.010000,4,pgm_hash_eps64_epsrec1,min_max_cutoff,0.010000,8523857007,94.251866,18533439330,204.932020
wiki_ts_200M_uint64,90437011,1.000000,0.010000,4,pgm_hash_eps8_epsrec1,min_max_cutoff,0.010000,9641629949,106.611550,20012297158,221.284372
books_200M_uint32,199999999,1.000000,0.010000,1,pgm_hash_eps256_epsrec0,min_max_cutoff,0.010000,32306770818,161.533855,47450042927,237.250216
books_200M_uint32,199999999,1.000000,0.010000,1,pgm_hash_eps128_epsrec4,min_max_cutoff,0.010000,31307581025,156.537906,47732252881,238.661266
books_200M_uint32,199999999,1.000000,0.010000,1,pgm_hash_eps4_epsrec4,min_max_cutoff,0.010000,42709097669,213.545489,64970776960,324.853886
books_200M_uint32,199999999,1.000000,0.010000,2,pgm_hash_eps256_epsrec0,min_max_cutoff,0.010000,24064343711,120.321719,43462126707,217.310635
books_200M_uint32,199999999,1.000000,0.010000,2,pgm_hash_eps128_epsrec4,min_max_cutoff,0.010000,26017844860,130.089225,47288102816,236.440515
books_200M_uint32,199999999,1.000000,0.010000,2,pgm_hash_eps4_epsrec4,min_max_cutoff,0.010000,35525473828,177.627370,52795068993,263.975346
books_200M_uint32,199999999,1.000000,0.010000,4,pgm_hash_eps256_epsrec0,min_max_cutoff,0.010000,22008396985,110.041985,42478940328,212.394703
books_200M_uint32,199999999,1.000000,0.010000,4,pgm_hash_eps128_epsrec4,min_max_cutoff,0.010000,23381007290,116.905037,43975055271,219.875277
books_200M_uint32,199999999,1.000000,0.010000,4,pgm_hash_eps4_epsrec4,min_max_cutoff,0.010000,31662113281,158.310567,49498752558,247.493764
books_200M_uint32,199999999,0.750000,0.010000,1,pgm_hash_eps256_epsrec0,min_max_cutoff,0.010000,26777444349,133.887222,44926682150,224.633412
books_200M_uint32,199999999,0.750000,0.010000,1,pgm_hash_eps128_epsrec4,min_max_cutoff,0.010000,29933718572,149.668594,54043352551,270.216764
books_200M_uint32,199999999,0.750000,0.010000,1,pgm_hash_eps4_epsrec4,min_max_cutoff,0.010000,37138723566,185.693619,60405206628,302.026035
books_200M_uint32,199999999,0.750000,0.010000,2,pgm_hash_eps256_epsrec0,min_max_cutoff,0.010000,22559033037,112.795166,43322426475,216.612133
books_200M_uint32,199999999,0.750000,0.010000,2,pgm_hash_eps128_epsrec4,min_max_cutoff,0.010000,24386483889,121.932420,45969697894,229.848491
books_200M_uint32,199999999,0.750000,0.010000,2,pgm_hash_eps4_epsrec4,min_max_cutoff,0.010000,33474746131,167.373731,51465964748,257.329825
books_200M_uint32,199999999,0.750000,0.010000,4,pgm_hash_eps256_epsrec0,min_max_cutoff,0.010000,21454898262,107.274492,42883673269,214.418367
books_200M_uint32,199999999,0.750000,0.010000,4,pgm_hash_eps128_epsrec4,min_max_cutoff,0.010000,22873323232,114.366617,44485108594,222.425544
books_200M_uint32,199999999,0.750000,0.010000,4,pgm_hash_eps4_epsrec4,min_max_cutoff,0.010000,30880297239,154.401487,49984539525,249.922699
books_200M_uint32,199999999,0.500000,0.010000,1,pgm_hash_eps256_epsrec0,min_max_cutoff,0.010000,23811325797,119.056630,44435429373,222.177148
books_200M_uint32,199999999,0.500000,0.010000,1,pgm_hash_eps128_epsrec4,min_max_cutoff,0.010000,25753790172,128.768952,49878322206,249.391612
books_200M_uint32,199999999,0.500000,0.010000,1,pgm_hash_eps4_epsrec4,min_max_cutoff,0.010000,31613023256,158.065117,54601687424,273.008438
books_200M_uint32,199999999,0.500000,0.010000,2,pgm_hash_eps256_epsrec0,min_max_cutoff,0.010000,21342749153,106.713746,42870986195,214.354932
books_200M_uint32,199999999,0.500000,0.010000,2,pgm_hash_eps128_epsrec4,min_max_cutoff,0.010000,22686722495,113.433613,44716762701,223.583815
books_200M_uint32,199999999,0.500000,0.010000,2,pgm_hash_eps4_epsrec4,min_max_cutoff,0.010000,30904448282,154.522242,49714928384,248.574643
books_200M_uint32,199999999,0.500000,0.010000,4,pgm_hash_eps256_epsrec0,min_max_cutoff,0.010000,20736984501,103.684923,42562444223,212.812222
books_200M_uint32,199999999,0.500000,0.010000,4,pgm_hash_eps128_epsrec4,min_max_cutoff,0.010000,21696218589,108.481093,43884619753,219.423100
books_200M_uint32,199999999,0.500000,0.010000,4,pgm_hash_eps4_epsrec4,min_max_cutoff,0.010000,28978210646,144.891054,49306711688,246.533560
books_200M_uint64,200000000,1.000000,0.010000,1,pgm_hash_eps256_epsrec0,min_max_cutoff,0.010000,55635419063,278.177095,68003799823,340.018999
books_200M_uint64,200000000,1.000000,0.010000,1,pgm_hash_eps128_epsrec4,min_max_cutoff,0.010000,57201327605,286.006638,83329491656,416.647458
books_200M_uint64,200000000,1.000000,0.010000,1,pgm_hash_eps4_epsrec4,min_max_cutoff,0.010000,67484518484,337.422592,89192041540,445.960208
books_200M_uint64,200000000,1.000000,0.010000,2,pgm_hash_eps256_epsrec0,min_max_cutoff,0.010000,36774079933,183.870400,52951372499,264.756862
books_200M_uint64,200000000,1.000000,0.010000,2,pgm_hash_eps128_epsrec4,min_max_cutoff,0.010000,39296160456,196.480802,59390620104,296.953101
books_200M_uint64,200000000,1.000000,0.010000,2,pgm_hash_eps4_epsrec4,min_max_cutoff,0.010000,49099432782,245.497164,64512826003,322.564130
books_200M_uint64,200000000,1.000000,0.010000,4,pgm_hash_eps256_epsrec0,min_max_cutoff,0.010000,28398977589,141.994888,46383021377,231.915107
books_200M_uint64,200000000,1.000000,0.010000,4,pgm_hash_eps128_epsrec4,min_max_cutoff,0.010000,30010542944,150.052715,49251280772,246.256404
books_200M_uint64,200000000,1.000000,0.010000,4,pgm_hash_eps4_epsrec4,min_max_cutoff,0.010000,39435413094,197.177065,54202999116,271.014996
books_200M_uint64,200000000,0.750000,0.010000,1,pgm_hash_eps256_epsrec0,min_max_cutoff,0.010000,48547673606,242.738368,62920026881,314.600134
books_200M_uint64,200000000,0.750000,0.010000,1,pgm_hash_eps128_epsrec4,min_max_cutoff,0.010000,50182775905,250.913880,76425926452,382.129632
books_200M_uint64,200000000,0.750000,0.010000,1,pgm_hash_eps4_epsrec4,min_max_cutoff,0.010000,59931234263,299.656171,82805287193,414.026436
books_200M_uint64,200000000,0.750000,0.010000,2,pgm_hash_eps256_epsrec0,min_max_cutoff,0.010000,33840367241,169.201836,51492152002,257.460760
books_200M_uint64,200000000,0.750000,0.010000,2,pgm_hash_eps128_epsrec4,min_max_cutoff,0.010000,36096590716,180.482954,57208330512,286.041653
books_200M_uint64,200000000,0.750000,0.010000,2,pgm_hash_eps4_epsrec4,min_max_cutoff,0.010000,46073907195,230.369536,62150265548,310.751328
books_200M_uint64,200000000,0.750000,0.010000,4,pgm_hash_eps256_epsrec0,min_max_cutoff,0.010000,27030042303,135.150212,46160088511,230.800443
books_200M_uint64,200000000,0.750000,0.010000,4,pgm_hash_eps128_epsrec4,min_max_cutoff,0.010000,28775930115,143.879651,48681390714,243.406954
books_200M_uint64,200000000,0.750000,0.010000,4,pgm_hash_eps4_epsrec4,min_max_cutoff,0.010000,37863429378,189.317147,53295661293,266.478306
books_200M_uint64,200000000,0.500000,0.010000,1,pgm_hash_eps256_epsrec0,min_max_cutoff,0.010000,42832034809,214.160174,59433874339,297.169372
books_200M_uint64,200000000,0.500000,0.010000,1,pgm_hash_eps128_epsrec4,min_max_cutoff,0.010000,43241147960,216.205740,69636306405,348.181532
books_200M_uint64,200000000,0.500000,0.010000,1,pgm_hash_eps4_epsrec4,min_max_cutoff,0.010000,52117722233,260.588611,74673678508,373.368393
books_200M_uint64,200000000,0.500000,0.010000,2,pgm_hash_eps256_epsrec0,min_max_cutoff,0.010000,31066991928,155.334960,49756982921,248.784915
books_200M_uint64,200000000,0.500000,0.010000,2,pgm_hash_eps128_epsrec4,min_max_cutoff,0.010000,32172900160,160.864501,54042067517,270.210338
books_200M_uint64,200000000,0.500000,0.010000,2,pgm_hash_eps4_epsrec4,min_max_cutoff,0.010000,41450210463,207.251052,58220776548,291.103883
books_200M_uint64,200000000,0.500000,0.010000,4,pgm_hash_eps256_epsrec0,min_max_cutoff,0.010000,25444775643,127.223878,45235851721,226.179259
books_200M_uint64,200000000,0.500000,0.010000,4,pgm_hash_eps128_epsrec4,min_max_cutoff,0.010000,26735606315,133.678032,47197468419,235.987342
books_200M_uint64,200000000,0.500000,0.010000,4,pgm_hash_eps4_epsrec4,min_max_cutoff,0.010000,35770598018,178.852990,52203990134,261.019951
fb_200M_uint64,200000000,1.000000,0.010000,1,pgm_hash_eps256_epsrec0,min_max_cutoff,0.010000,197664579301,988.322897,202184425570,1010.922128
fb_200M_uint64,200000000,1.000000,0.010000,1,pgm_hash_eps128_epsrec4,min_max_cutoff,0.010000,209057468119,1045.287341,224329959059,1121.649795
fb_200M_uint64,200000000,1.000000,0.010000,1,pgm_hash_eps4_epsrec4,min_max_cutoff,0.010000,205862572656,1029.312863,218960460086,1094.802300
fb_200M_uint64,200000000,1.000000,0.010000,2,pgm_hash_eps256_epsrec0,min_max_cutoff,0.010000,106392571380,531.962857,116633291173,583.166456
fb_200M_uint64,200000000,1.000000,0.010000,2,pgm_hash_eps128_epsrec4,min_max_cutoff,0.010000,117107224864,585.536124,126963751654,634.818758
fb_200M_uint64,200000000,1.000000,0.010000,2,pgm_hash_eps4_epsrec4,min_max_cutoff,0.010000,116155442270,580.777211,127440287812,637.201439
fb_200M_uint64,200000000,1.000000,0.010000,4,pgm_hash_eps256_epsrec0,min_max_cutoff,0.010000,67739054966,338.695275,76658970971,383.294855
fb_200M_uint64,200000000,1.000000,0.010000,4,pgm_hash_eps128_epsrec4,min_max_cutoff,0.010000,70980799220,354.903996,80670177713,403.350889
fb_200M_uint64,200000000,1.000000,0.010000,4,pgm_hash_eps4_epsrec4,min_max_cutoff,0.010000,72400294022,362.001470,84015418058,420.077090
fb_200M_uint64,200000000,0.750000,0.010000,1,pgm_hash_eps256_epsrec0,min_max_cutoff,0.010000,167755659074,838.778295,172916770208,864.583851
fb_200M_uint64,200000000,0.750000,0.010000,1,pgm_hash_eps128_epsrec4,min_max_cutoff,0.010000,174129757085,870.648785,191023753074,955.118765
fb_200M_uint64,200000000,0.750000,0.010000,1,pgm_hash_eps4_epsrec4,min_max_cutoff,0.010000,173477316484,867.386582,187402008905,937.010045
fb_200M_uint64,200000000,0.750000,0.010000,2,pgm_hash_eps256_epsrec0,min_max_cutoff,0.010000,92469306829,462.346534,103844708322,519.223542
fb_200M_uint64,200000000,0.750000,0.010000,2,pgm_hash_eps128_epsrec4,min_max_cutoff,0.010000,101126011437,505.630057,112039451653,560.197258
fb_200M_uint64,200000000,0.750000,0.010000,2,pgm_hash_eps4_epsrec4,min_max_cutoff,0.010000,100286392175,501.431961,112581946714,562.909734
fb_200M_uint64,200000000,0.750000,0.010000,4,pgm_hash_eps256_epsrec0,min_max_cutoff,0.010000,60521553529,302.607768,70381134654,351.905673
fb_200M_uint64,200000000,0.750000,0.010000,4,pgm_hash_eps128_epsrec4,min_max_cutoff,0.010000,63061476809,315.307384,73072773988,365.363870
fb_200M_uint64,200000000,0.750000,0.010000,4,pgm_hash_eps4_epsrec4,min_max_cutoff,0.010000,64153241107,320.766206,76471609207,382.358046
fb_200M_uint64,200000000,0.500000,0.010000,1,pgm_hash_eps256_epsrec0,min_max_cutoff,0.010000,136521648168,682.608241,142960520265,714.802601
fb_200M_uint64,200000000,0.500000,0.010000,1,pgm_hash_eps128_epsrec4,min_max_cutoff,0.010000,135955747667,679.778738,154952978928,774.764895
fb_200M_uint64,200000000,0.500000,0.010000,1,pgm_hash_eps4_epsrec4,min_max_cutoff,0.010000,138081279154,690.406396,153684235114,768.421176
fb_200M_uint64,200000000,0.500000,0.010000,2,pgm_hash_eps256_epsrec0,min_max_cutoff,0.010000,76150068261,380.750341,88507097802,442.535489
fb_200M_uint64,200000000,0.500000,0.010000,2,pgm_hash_eps128_epsrec4,min_max_cutoff,0.010000,80518754629,402.593773,93356269652,466.781348
fb_200M_uint64,200000000,0.500000,0.010000,2,pgm_hash_eps4_epsrec4,min_max_cutoff,0.010000,81316565924,406.582830,95110518248,475.552591
fb_200M_uint64,200000000,0.500000,0.010000,4,pgm_hash_eps256_epsrec0,min_max_cutoff,0.010000,51924306998,259.621535,63388772087,316.943860
fb_200M_uint64,200000000,0.500000,0.010000,4,pgm_hash_eps128_epsrec4,min_max_cutoff,0.010000,51947350199,259.736751,64533781089,322.668905
fb_200M_uint64,200000000,0.500000,0.010000,4,pgm_hash_eps4_epsrec4,min_max_cutoff,0.010000,54406725201,272.033626,68487042747,342.435214
osm_cellids_200M_uint64,200000000,1.000000,0.010000,1,pgm_hash_eps256_epsrec0,min_max_cutoff,0.010000,510360335749,2551.801679,513709435467,2568.547177
osm_cellids_200M_uint64,200000000,1.000000,0.010000,1,pgm_hash_eps128_epsrec4,min_max_cutoff,0.010000,451227803575,2256.139018,469351592252,2346.757961
osm_cellids_200M_uint64,200000000,1.000000,0.010000,1,pgm_hash_eps4_epsrec4,min_max_cutoff,0.010000,150855751753,754.278759,165310582929,826.552915
osm_cellids_200M_uint64,200000000,1.000000,0.010000,2,pgm_hash_eps256_epsrec0,min_max_cutoff,0.010000,253829615510,1269.148078,265403192871,1327.015964
osm_cellids_200M_uint64,200000000,1.000000,0.010000,2,pgm_hash_eps128_epsrec4,min_max_cutoff,0.010000,235212460061,1176.062300,244943350312,1224.716752
osm_cellids_200M_uint64,200000000,1.000000,0.010000,2,pgm_hash_eps4_epsrec4,min_max_cutoff,0.010000,93571847813,467.859239,103144933258,515.724666
osm_cellids_200M_uint64,200000000,1.000000,0.010000,4,pgm_hash_eps256_epsrec0,min_max_cutoff,0.010000,138325683676,691.628418,147953408976,739.767045
osm_cellids_200M_uint64,200000000,1.000000,0.010000,4,pgm_hash_eps128_epsrec4,min_max_cutoff,0.010000,129132269735,645.661349,137408237518,687.041188
osm_cellids_200M_uint64,200000000,1.000000,0.010000,4,pgm_hash_eps4_epsrec4,min_max_cutoff,0.010000,67535405186,337.677026,76173307833,380.866539
osm_cellids_200M_uint64,200000000,0.750000,0.010000,1,pgm_hash_eps256_epsrec0,min_max_cutoff,0.010000,417595447075,2087.977235,422663732845,2113.318664
osm_cellids_200M_uint64,200000000,0.750000,0.010000,1,pgm_hash_eps128_epsrec4,min_max_cutoff,0.010000,370715137922,1853.575690,389685834103,1948.429171
osm_cellids_200M_uint64,200000000,0.750000,0.010000,1,pgm_hash_eps4_epsrec4,min_max_cutoff,0.010000,125296570971,626.482855,140637198762,703.185994
osm_cellids_200M_uint64,200000000,0.750000,0.010000,2,pgm_hash_eps256_epsrec0,min_max_cutoff,0.010000,197234222212,986.171111,210286051339,1051.430257
osm_cellids_200M_uint64,200000000,0.750000,0.010000,2,pgm_hash_eps128_epsrec4,min_max_cutoff,0.010000,190495134876,952.475674,200086388441,1000.431942
osm_cellids_200M_uint64,200000000,0.750000,0.010000,2,pgm_hash_eps4_epsrec4,min_max_cutoff,0.010000,80959384601,404.796923,91254037714,456.270189
osm_cellids_200M_uint64,200000000,0.750000,0.010000,4,pgm_hash_eps256_epsrec0,min_max_cutoff,0.010000,112112557077,560.562785,122792066766,613.960334
osm_cellids_200M_uint64,200000000,0.750000,0.010000,4,pgm_hash_eps128_epsrec4,min_max_cutoff,0.010000,106942069534,534.710348,117087636580,585.438183
osm_cellids_200M_uint64,200000000,0.750000,0.010000,4,pgm_hash_eps4_epsrec4,min_max_cutoff,0.010000,61089950367,305.449752,70453823307,352.269117
osm_cellids_200M_uint64,200000000,0.500000,0.010000,1,pgm_hash_eps256_epsrec0,min_max_cutoff,0.010000,301412940210,1507.064701,307231026935,1536.155135
osm_cellids_200M_uint64,200000000,0.500000,0.010000,1,pgm_hash_eps128_epsrec4,min_max_cutoff,0.010000,274571479278,1372.857396,295009900750,1475.049504
osm_cellids_200M_uint64,200000000,0.500000,0.010000,1,pgm_hash_eps4_epsrec4,min_max_cutoff,0.010000,102323988372,511.619942,118390827372,591.954137
osm_cellids_200M_uint64,200000000,0.500000,0.010000,2,pgm_hash_eps256_epsrec0,min_max_cutoff,0.010000,149073184462,745.365922,164208802443,821.044012
osm_cellids_200M_uint64,200000000,0.500000,0.010000,2,pgm_hash_eps128_epsrec4,min_max_cutoff,0.010000,145306121153,726.530606,156830746137,784.153731
osm_cellids_200M_uint64,200000000,0.500000,0.010000,2,pgm_hash_eps4_epsrec4,min_max_cutoff,0.010000,69724571926,348.622860,81648702610,408.243513
osm_cellids_200M_uint64,200000000,0.500000,0.010000,4,pgm_hash_eps256_epsrec0,min_max_cutoff,0.010000,89128681002,445.643405,101601629842,508.008149
osm_cellids_200M_uint64,200000000,0.500000,0.010000,4,pgm_hash_eps128_epsrec4,min_max_cutoff,0.010000,86120378680,430.601893,97015849568,485.079248
osm_cellids_200M_uint64,200000000,0.500000,0.010000,4,pgm_hash_eps4_epsrec4,min_max_cutoff,0.010000,55539401133,277.697006,66347682122,331.738411
wiki_ts_200M_uint64,90437011,1.000000,0.010000,1,pgm_hash_eps256_epsrec0,min_max_cutoff,0.010000,11531613440,127.509891,20347137397,224.986841
wiki_ts_200M_uint64,90437011,1.000000,0.010000,1,pgm_hash_eps128_epsrec4,min_max_cutoff,0.010000,9128869466,100.941742,19374374332,214.230591
wiki_ts_200M_uint64,90437011,1.000000,0.010000,1,pgm_hash_eps4_epsrec4,min_max_cutoff,0.010000,11098714761,122.723149,20954383303,231.701414
wiki_ts_200M_uint64,90437011,1.000000,0.010000,2,pgm_hash_eps256_epsrec0,min_max_cutoff,0.010000,9051049354,100.081253,18477949310,204.318443
wiki_ts_200M_uint64,90437011,1.000000,0.010000,2,pgm_hash_eps128_epsrec4,min_max_cutoff,0.010000,8656004900,95.713080,18044559980,199.526276
wiki_ts_200M_uint64,90437011,1.000000,0.010000,2,pgm_hash_eps4_epsrec4,min_max_cutoff,0.010000,11642050952,128.731045,19906484040,220.114352
wiki_ts_200M_uint64,90437011,1.000000,0.010000,4,pgm_hash_eps256_epsrec0,min_max_cutoff,0.010000,8332922955,92.140628,18373493903,203.163436
wiki_ts_200M_uint64,90437011,1.000000,0.010000,4,pgm_hash_eps128_epsrec4,min_max_cutoff,0.010000,8777144179,97.052568,18774239733,207.594651
wiki_ts_200M_uint64,90437011,1.000000,0.010000,4,pgm_hash_eps4_epsrec4,min_max_cutoff,0.010000,11686292008,129.220237,20809239325,230.096496
wiki_ts_200M_uint64,90437011,0.750000,0.010000,1,pgm_hash_eps256_epsrec0,min_max_cutoff,0.010000,10142855014,112.153806,20229944375,223.690988
wiki_ts_200M_uint64,90437011,0.750000,0.010000,1,pgm_hash_eps128_epsrec4,min_max_cutoff,0.010000,8040647153,88.908811,18276120961,202.086743
wiki_ts_200M_uint64,90437011,0.750000,0.010000,1,pgm_hash_eps4_epsrec4,min_max_cutoff,0.010000,9746869322,107.775226,19926472192,220.335369
wiki_ts_200M_uint64,90437011,0.750000,0.010000,2,pgm_hash_eps256_epsrec0,min_max_cutoff,0.010000,8780837476,97.093407,18827439432,208.182902
wiki_ts_200M_uint64,90437011,0.750000,0.010000,2,pgm_hash_eps128_epsrec4,min_max_cutoff,0.010000,8599967295,95.093449,18527337035,204.864544
wiki_ts_200M_uint64,90437011,0.750000,0.010000,2,pgm_hash_eps4_epsrec4,min_max_cutoff,0.010000,11554452061,127.762427,20259732409,224.020367
wiki_ts_200M_uint64,90437011,0.750000,0.010000,4,pgm_hash_eps256_epsrec0,min_max_cutoff,0.010000,8052550934,89.040436,18633730287,206.040979
wiki_ts_200M_uint64,90437011,0.750000,0.010000,4,pgm_hash_eps128_epsrec4,min_max_cutoff,0.010000,8679828649,95.976510,19090930525,211.096434
wiki_ts_200M_uint64,90437011,0.750000,0.010000,4,pgm_hash_eps4_epsrec4,min_max_cutoff,0.010000,11492538715,127.077826,21143996785,233.798050
wiki_ts_200M_uint64,90437011,0.500000,0.010000,1,pgm_hash_eps256_epsrec0,min_max_cutoff,0.010000,10040550011,111.022577,20731778888,229.239983
wiki_ts_200M_uint64,90437011,0.500000,0.010000,1,pgm_hash_eps128_epsrec4,min_max_cutoff,0.010000,8122265459,89.811299,18822105446,208.123922
wiki_ts_200M_uint64,90437011,0.500000,0.010000,1,pgm_hash_eps4_epsrec4,min_max_cutoff,0.010000,9860762760,109.034594,20541448473,227.135420
wiki_ts_200M_uint64,90437011,0.500000,0.010000,2,pgm_hash_eps256_epsrec0,min_max_cutoff,0.010000,8984285971,99.343022,19246862021,212.820634
wiki_ts_200M_uint64,90437011,0.500000,0.010000,2,pgm_hash_eps128_epsrec4,min_max_cutoff,0.010000,9159937999,101.285280,19354348321,214.009155
wiki_ts_200M_uint64,90437011,0.500000,0.010000,2,pgm_hash_eps4_epsrec4,min_max_cutoff,0.010000,12323208323,136.262888,21053169392,232.793733
wiki_ts_200M_uint64,90437011,0.500000,0.010000,4,pgm_hash_eps256_epsrec0,min_max_cutoff,0.010000,8236154827,91.070622,18918374551,209.188410
wiki_ts_200M_uint64,90437011,0.500000,0.010000,4,pgm_hash_eps128_epsrec4,min_max_cutoff,0.010000,9041367376,99.974195,19695158408,217.777635
wiki_ts_200M_uint64,90437011,0.500000,0.010000,4,pgm_hash_eps4_epsrec4,min_max_cutoff,0.010000,11927199955,131.884057,21479122710,237.503678
consecutive_200M_uint64,200000000,1.000000,0.010000,1,pgm_hash_eps256_epsrec0,min_max_cutoff,0.010000,22118694246,110.593471,45583980154,227.919901
consecutive_200M_uint64,200000000,1.000000,0.010000,1,pgm_hash_eps128_epsrec4,min_max_cutoff,0.010000,18402878794,92.014394,43011315704,215.056579
consecutive_200M_uint64,200000000,1.000000,0.010000,1,pgm_hash_eps64_epsrec1,min_max_cutoff,0.010000,17126069935,85.630350,41716045908,208.580230
consecutive_200M_uint64,200000000,1.000000,0.010000,1,pgm_hash_eps4_epsrec4,min_max_cutoff,0.010000,20149929620,100.749648,44260022886,221.300114
consecutive_200M_uint64,200000000,1.000000,0.010000,2,pgm_hash_eps256_epsrec0,min_max_cutoff,0.010000,18561227437,92.806137,41315588224,206.577941
consecutive_200M_uint64,200000000,1.000000,0.010000,2,pgm_hash_eps128_epsrec4,min_max_cutoff,0.010000,18039591131,90.197956,40487515065,202.437575
consecutive_200M_uint64,200000000,1.000000,0.010000,2,pgm_hash_eps64_epsrec1,min_max_cutoff,0.010000,19504992305,97.524962,41839793750,209.198969
consecutive_200M_uint64,200000000,1.000000,0.010000,2,pgm_hash_eps4_epsrec4,min_max_cutoff,0.010000,21899627437,109.498137,44814470809,224.072354
consecutive_200M_uint64,200000000,1.000000,0.010000,4,pgm_hash_eps256_epsrec0,min_max_cutoff,0.010000,18198396627,90.991983,41500623371,207.503117
consecutive_200M_uint64,200000000,1.000000,0.010000,4,pgm_hash_eps128_epsrec4,min_max_cutoff,0.010000,17422280899,87.111404,40739870345,203.699352
consecutive_200M_uint64,200000000,1.000000,0.010000,4,pgm_hash_eps64_epsrec1,min_max_cutoff,0.010000,19243267016,96.216335,42759420873,213.797104
consecutive_200M_uint64,200000000,1.000000,0.010000,4,pgm_hash_eps4_epsrec4,min_max_cutoff,0.010000,22139497686,110.697488,46208024051,231.040120
consecutive_200M_uint64,200000000,0.750000,0.010000,1,pgm_hash_eps256_epsrec0,min_max_cutoff,0.010000,18080371772,90.401859,43061296754,215.306484
consecutive_200M_uint64,200000000,0.750000,0.010000,1,pgm_hash_eps128_epsrec4,min_max_cutoff,0.010000,16338062393,81.690312,40967291827,204.836459
consecutive_200M_uint64,200000000,0.750000,0.010000,1,pgm_hash_eps64_epsrec1,min_max_cutoff,0.010000,17665621449,88.328107,42146810706,210.734054
consecutive_200M_uint64,200000000,0.750000,0.010000,1,pgm_hash_eps4_epsrec4,min_max_cutoff,0.010000,19729867413,98.649337,44605875289,223.029376
consecutive_200M_uint64,200000000,0.750000,0.010000,2,pgm_hash_eps256_epsrec0,min_max_cutoff,0.010000,17720292316,88.601462,41439109696,207.195548
consecutive_200M_uint64,200000000,0.750000,0.010000,2,pgm_hash_eps128_epsrec4,min_max_cutoff,0.010000,17730062534,88.650313,40593501174,202.967506
consecutive_200M_uint64,200000000,0.750000,0.010000,2,pgm_hash_eps64_epsrec1,min_max_cutoff,0.010000,19989469120,99.947346,42738299336,213.691497
consecutive_200M_uint64,200000000,0.750000,0.010000,2,pgm_hash_eps4_epsrec4,min_max_cutoff,0.010000,22155405998,110.777030,45592313106,227.961566
consecutive_200M_uint64,200000000,0.750000,0.010000,4,pgm_hash_eps256_epsrec0,min_max_cutoff,0.010000,17561380183,87.806901,41692247064,208.461235
consecutive_200M_uint64,200000000,0.750000,0.010000,4,pgm_hash_eps128_epsrec4,min_max_cutoff,0.010000,17349003707,86.745019,41127863453,205.639317
consecutive_200M_uint64,200000000,0.750000,0.010000,4,pgm_hash_eps64_epsrec1,min_max_cutoff,0.010000,19524112987,97.620565,42981711343,214.908557
consecutive_200M_uint64,200000000,0.750000,0.010000,4,pgm_hash_eps4_epsrec4,min_max_cutoff,0.010000,21958233610,109.791168,46403808697,232.019043
consecutive_200M_uint64,200000000,0.500000,0.010000,1,pgm_hash_eps256_epsrec0,min_max_cutoff,0.010000,18787574712,93.937874,43570272497,217.851362
consecutive_200M_uint64,200000000,0.500000,0.010000,1,pgm_hash_eps128_epsrec4,min_max_cutoff,0.010000,17475074626,87.375373,41870733862,209.353669
consecutive_200M_uint64,200000000,0.500000,0.010000,1,pgm_hash_eps64_epsrec1,min_max_cutoff,0.010000,19018973561,95.094868,42868564799,214.342824
consecutive_200M_uint64,200000000,0.500000,0.010000,1,pgm_hash_eps4_epsrec4,min_max_cutoff,0.010000,21084836752,105.424184,45776072784,228.880364
consecutive_200M_uint64,200000000,0.500000,0.010000,2,pgm_hash_eps256_epsrec0,min_max_cutoff,0.010000,18635130094,93.175650,42370785224,211.853926
consecutive_200M_uint64,200000000,0.500000,0.010000,2,pgm_hash_eps128_epsrec4,min_max_cutoff,0.010000,18742321585,93.711608,41744172512,208.720863
consecutive_200M_uint64,200000000,0.500000,0.010000,2,pgm_hash_eps64_epsrec1,min_max_cutoff,0.010000,20521081821,102.605409,43449054824,217.245274
consecutive_200M_uint64,200000000,0.500000,0.010000,2,pgm_hash_eps4_epsrec4,min_max_cutoff,0.010000,23034109091,115.170545,46697263552,233.486318
consecutive_200M_uint64,200000000,0.500000,0.010000,4,pgm_hash_eps256_epsrec0,min_max_cutoff,0.010000,18353479138,91.767396,42716683104,213.583416
consecutive_200M_uint64,200000000,0.500000,0.010000,4,pgm_hash_eps128_epsrec4,min_max_cutoff,0.010000,18206411312,91.032057,42161853959,210.809270
consecutive_200M_uint64,200000000,0.500000,0.010000,4,pgm_hash_eps64_epsrec1,min_max_cutoff,0.010000,20319226567,101.596133,43992325798,219.961629
consecutive_200M_uint64,200000000,0.500000,0.010000,4,pgm_hash_eps4_epsrec4,min_max_cutoff,0.010000,22785163406,113.925817,47457491852,237.287459
gapped_1permill_200M_uint64,200000000,1.000000,0.010000,1,pgm_hash_eps256_epsrec0,min_max_cutoff,0.010000,22665294041,113.326470,46040108593,230.200543
gapped_1permill_200M_uint64,200000000,1.000000,0.010000,1,pgm_hash_eps128_epsrec4,min_max_cutoff,0.010000,18343682879,91.718414,42885616661,214.428083
gapped_1permill_200M_uint64,200000000,1.000000,0.010000,1,pgm_hash_eps64_epsrec1,min_max_cutoff,0.010000,17145223084,85.726115,41868006674,209.340033
gapped_1permill_200M_uint64,200000000,1.000000,0.010000,1,pgm_hash_eps4_epsrec4,min_max_cutoff,0.010000,20007415791,100.037079,44275649887,221.378249
gapped_1permill_200M_uint64,200000000,1.000000,0.010000,2,pgm_hash_eps256_epsrec0,min_max_cutoff,0.010000,18432046502,92.160233,41357740781,206.788704
gapped_1permill_200M_uint64,200000000,1.000000,0.010000,2,pgm_hash_eps128_epsrec4,min_max_cutoff,0.010000,18052654673,90.263273,40559552247,202.797761
gapped_1permill_200M_uint64,200000000,1.000000,0.010000,2,pgm_hash_eps64_epsrec1,min_max_cutoff,0.010000,19293782754,96.468914,41978058716,209.890294
gapped_1permill_200M_uint64,200000000,1.000000,0.010000,2,pgm_hash_eps4_epsrec4,min_max_cutoff,0.010000,21748871372,108.744357,44600201201,223.001006
gapped_1permill_200M_uint64,200000000,1.000000,0.010000,4,pgm_hash_eps256_epsrec0,min_max_cutoff,0.010000,18071094196,90.355471,41443707257,207.218536
gapped_1permill_200M_uint64,200000000,1.000000,0.010000,4,pgm_hash_eps128_epsrec4,min_max_cutoff,0.010000,17349116504,86.745583,40774437850,203.872189
gapped_1permill_200M_uint64,200000000,1.000000,0.010000,4,pgm_hash_eps64_epsrec1,min_max_cutoff,0.010000,19210566399,96.052832,42787333349,213.936667
gapped_1permill_200M_uint64,200000000,1.000000,0.010000,4,pgm_hash_eps4_epsrec4,min_max_cutoff,0.010000,21985899561,109.929498,45960025185,229.800126
gapped_1permill_200M_uint64,200000000,0.750000,0.010000,1,pgm_hash_eps256_epsrec0,min_max_cutoff,0.010000,18247214957,91.236075,43188972802,215.944864
gapped_1permill_200M_uint64,200000000,0.750000,0.010000,1,pgm_hash_eps128_epsrec4,min_max_cutoff,0.010000,16801847512,84.009238,41619458823,208.097294
gapped_1permill_200M_uint64,200000000,0.750000,0.010000,1,pgm_hash_eps64_epsrec1,min_max_cutoff,0.010000,17399779778,86.998899,41891343540,209.456718
gapped_1permill_200M_uint64,200000000,0.750000,0.010000,1,pgm_hash_eps4_epsrec4,min_max_cutoff,0.010000,19526977428,97.634887,44034036039,220.170180
gapped_1permill_200M_uint64,200000000,0.750000,0.010000,2,pgm_hash_eps256_epsrec0,min_max_cutoff,0.010000,17662100083,88.310500,41161637649,205.808188
gapped_1permill_200M_uint64,200000000,0.750000,0.010000,2,pgm_hash_eps128_epsrec4,min_max_cutoff,0.010000,17803925170,89.019626,40393532550,201.967663
gapped_1permill_200M_uint64,200000000,0.750000,0.010000,2,pgm_hash_eps64_epsrec1,min_max_cutoff,0.010000,19552322734,97.761614,42294212047,211.471060
gapped_1permill_200M_uint64,200000000,0.750000,0.010000,2,pgm_hash_eps4_epsrec4,min_max_cutoff,0.010000,21901582670,109.507913,45250233256,226.251166
gapped_1permill_200M_uint64,200000000,0.750000,0.010000,4,pgm_hash_eps256_epsrec0,min_max_cutoff,0.010000,17600793994,88.003970,41757243417,208.786217
gapped_1permill_200M_uint64,200000000,0.750000,0.010000,4,pgm_hash_eps128_epsrec4,min_max_cutoff,0.010000,17446649897,87.233249,41237292625,206.186463
gapped_1permill_200M_uint64,200000000,0.750000,0.010000,4,pgm_hash_eps64_epsrec1,min_max_cutoff,0.010000,19592850563,97.964253,43072406395,215.362032
gapped_1permill_200M_uint64,200000000,0.750000,0.010000,4,pgm_hash_eps4_epsrec4,min_max_cutoff,0.010000,21870353965,109.351770,46278486671,231.392433
gapped_1permill_200M_uint64,200000000,0.500000,0.010000,1,pgm_hash_eps256_epsrec0,min_max_cutoff,0.010000,18820657267,94.103286,43693413812,218.467069
gapped_1permill_200M_uint64,200000000,0.500000,0.010000,1,pgm_hash_eps128_epsrec4,min_max_cutoff,0.010000,17636635477,88.183177,42032883905,210.164420
gapped_1permill_200M_uint64,200000000,0.500000,0.010000,1,pgm_hash_eps64_epsrec1,min_max_cutoff,0.010000,18739511215,93.697556,43032440411,215.162202
gapped_1permill_200M_uint64,200000000,0.500000,0.010000,1,pgm_hash_eps4_epsrec4,min_max_cutoff,0.010000,20683325141,103.416626,45213314139,226.066571
gapped_1permill_200M_uint64,200000000,0.500000,0.010000,2,pgm_hash_eps256_epsrec0,min_max_cutoff,0.010000,18352269584,91.761348,42067975618,210.339878
gapped_1permill_200M_uint64,200000000,0.500000,0.010000,2,pgm_hash_eps128_epsrec4,min_max_cutoff,0.010000,18513958695,92.569793,41320502234,206.602511
gapped_1permill_200M_uint64,200000000,0.500000,0.010000,2,pgm_hash_eps64_epsrec1,min_max_cutoff,0.010000,20283033570,101.415168,43105012610,215.525063
gapped_1permill_200M_uint64,200000000,0.500000,0.010000,2,pgm_hash_eps4_epsrec4,min_max_cutoff,0.010000,22556638551,112.783193,45910682950,229.553415
gapped_1permill_200M_uint64,200000000,0.500000,0.010000,4,pgm_hash_eps256_epsrec0,min_max_cutoff,0.010000,18092385557,90.461928,42250354781,211.251774
gapped_1permill_200M_uint64,200000000,0.500000,0.010000,4,pgm_hash_eps128_epsrec4,min_max_cutoff,0.010000,17925834593,89.629173,41689968996,208.449845
gapped_1permill_200M_uint64,200000000,0.500000,0.010000,4,pgm_hash_eps64_epsrec1,min_max_cutoff,0.010000,20042079813,100.210399,43561516874,217.807584
gapped_1permill_200M_uint64,200000000,0.500000,0.010000,4,pgm_hash_eps4_epsrec4,min_max_cutoff,0.010000,22305475686,111.527378,46623235111,233.116176
gapped_1percent_200M_uint64,200000000,1.000000,0.010000,1,pgm_hash_eps256_epsrec0,min_max_cutoff,0.010000,22821513766,114.107569,46542105736,232.710529
gapped_1percent_200M_uint64,200000000,1.000000,0.010000,1,pgm_hash_eps128_epsrec4,min_max_cutoff,0.010000,19070912930,95.354565,43883171626,219.415858
gapped_1percent_200M_uint64,200000000,1.000000,0.010000,1,pgm_hash_eps64_epsrec1,min_max_cutoff,0.010000,17409219421,87.046097,41695353540,208.476768
gapped_1percent_200M_uint64,200000000,1.000000,0.010000,1,pgm_hash_eps4_epsrec4,min_max_cutoff,0.010000,20350925646,101.754628,44511507745,222.557539
gapped_1percent_200M_uint64,200000000,1.000000,0.010000,2,pgm_hash_eps256_epsrec0,min_max_cutoff,0.010000,18570175724,92.850879,41398533997,206.992670
gapped_1percent_200M_uint64,200000000,1.000000,0.010000,2,pgm_hash_eps128_epsrec4,min_max_cutoff,0.010000,18178421241,90.892106,40551685213,202.758426
gapped_1percent_200M_uint64,200000000,1.000000,0.010000,2,pgm_hash_eps64_epsrec1,min_max_cutoff,0.010000,19279465827,96.397329,41824434007,209.122170
gapped_1percent_200M_uint64,200000000,1.000000,0.010000,2,pgm_hash_eps4_epsrec4,min_max_cutoff,0.010000,22160573442,110.802867,44917284581,224.586423
gapped_1percent_200M_uint64,200000000,1.000000,0.010000,4,pgm_hash_eps256_epsrec0,min_max_cutoff,0.010000,18521219889,92.606099,42080192744,210.400964
gapped_1percent_200M_uint64,200000000,1.000000,0.010000,4,pgm_hash_eps128_epsrec4,min_max_cutoff,0.010000,17762942761,88.814714,41413576212,207.067881
gapped_1percent_200M_uint64,200000000,1.000000,0.010000,4,pgm_hash_eps64_epsrec1,min_max_cutoff,0.010000,19089763438,95.448817,42682177805,213.410889
gapped_1percent_200M_uint64,200000000,1.000000,0.010000,4,pgm_hash_eps4_epsrec4,min_max_cutoff,0.010000,22069589154,110.347946,46311314915,231.556575
gapped_1percent_200M_uint64,200000000,0.750000,0.010000,1,pgm_hash_eps256_epsrec0,min_max_cutoff,0.010000,18182268954,90.911345,43441330318,217.206652
gapped_1percent_200M_uint64,200000000,0.750000,0.010000,1,pgm_hash_eps128_epsrec4,min_max_cutoff,0.010000,16403333634,82.016668,41095889950,205.479450
gapped_1percent_200M_uint64,200000000,0.750000,0.010000,1,pgm_hash_eps64_epsrec1,min_max_cutoff,0.010000,17200560493,86.002802,41808579209,209.042896
gapped_1percent_200M_uint64,200000000,0.750000,0.010000,1,pgm_hash_eps4_epsrec4,min_max_cutoff,0.010000,19764834615,98.824173,44372391762,221.861959
gapped_1percent_200M_uint64,200000000,0.750000,0.010000,2,pgm_hash_eps256_epsrec0,min_max_cutoff,0.010000,17792031253,88.960156,41252826441,206.264132
gapped_1percent_200M_uint64,200000000,0.750000,0.010000,2,pgm_hash_eps128_epsrec4,min_max_cutoff,0.010000,17819579648,89.097898,40557848606,202.789243
gapped_1percent_200M_uint64,200000000,0.750000,0.010000,2,pgm_hash_eps64_epsrec1,min_max_cutoff,0.010000,19496303343,97.481517,42131691944,210.658460
gapped_1percent_200M_uint64,200000000,0.750000,0.010000,2,pgm_hash_eps4_epsrec4,min_max_cutoff,0.010000,22152499410,110.762497,45411609631,227.058048
gapped_1percent_200M_uint64,200000000,0.750000,0.010000,4,pgm_hash_eps256_epsrec0,min_max_cutoff,0.010000,17686349852,88.431749,41870506906,209.352535
gapped_1percent_200M_uint64,200000000,0.750000,0.010000,4,pgm_hash_eps128_epsrec4,min_max_cutoff,0.010000,17465338636,87.326693,41279914313,206.399572
gapped_1percent_200M_uint64,200000000,0.750000,0.010000,4,pgm_hash_eps64_epsrec1,min_max_cutoff,0.010000,19494025891,97.470129,42949075539,214.745378
gapped_1percent_200M_uint64,200000000,0.750000,0.010000,4,pgm_hash_eps4_epsrec4,min_max_cutoff,0.010000,22096535018,110.482675,46483927936,232.419640
gapped_1percent_200M_uint64,200000000,0.500000,0.010000,1,pgm_hash_eps256_epsrec0,min_max_cutoff,0.010000,18902994542,94.514973,43635548719,218.177744
gapped_1percent_200M_uint64,200000000,0.500000,0.010000,1,pgm_hash_eps128_epsrec4,min_max_cutoff,0.010000,17609444491,88.047222,41890590438,209.452952
gapped_1percent_200M_uint64,200000000,0.500000,0.010000,1,pgm_hash_eps64_epsrec1,min_max_cutoff,0.010000,18470838927,92.354195,42814118874,214.070594
gapped_1percent_200M_uint64,200000000,0.500000,0.010000,1,pgm_hash_eps4_epsrec4,min_max_cutoff,0.010000,20699236462,103.496182,45142025027,225.710125
gapped_1percent_200M_uint64,200000000,0.500000,0.010000,2,pgm_hash_eps256_epsrec0,min_max_cutoff,0.010000,18344939682,91.724698,41887099532,209.435498
gapped_1percent_200M_uint64,200000000,0.500000,0.010000,2,pgm_hash_eps128_epsrec4,min_max_cutoff,0.010000,18460831136,92.304156,41284389643,206.421948
gapped_1percent_200M_uint64,200000000,0.500000,0.010000,2,pgm_hash_eps64_epsrec1,min_max_cutoff,0.010000,20171853773,100.859269,42737117082,213.685585
gapped_1percent_200M_uint64,200000000,0.500000,0.010000,2,pgm_hash_eps4_epsrec4,min_max_cutoff,0.010000,22613411315,113.067057,46013392387,230.066962
gapped_1percent_200M_uint64,200000000,0.500000,0.010000,4,pgm_hash_eps256_epsrec0,min_max_cutoff,0.010000,18121143153,90.605716,42213336681,211.066683
gapped_1percent_200M_uint64,200000000,0.500000,0.010000,4,pgm_hash_eps128_epsrec4,min_max_cutoff,0.010000,18047027859,90.235139,41639010669,208.195053
gapped_1percent_200M_uint64,200000000,0.500000,0.010000,4,pgm_hash_eps64_epsrec1,min_max_cutoff,0.010000,19968664029,99.843320,43338276601,216.691383
gapped_1percent_200M_uint64,200000000,0.500000,0.010000,4,pgm_hash_eps4_epsrec4,min_max_cutoff,0.010000,22400078890,112.000394,46735138927,233.675695
gapped_10percent_200M_uint64,200000000,1.000000,0.010000,1,pgm_hash_eps256_epsrec0,min_max_cutoff,0.010000,22964816049,114.824080,46091042094,230.455210
gapped_10percent_200M_uint64,200000000,1.000000,0.010000,1,pgm_hash_eps128_epsrec4,min_max_cutoff,0.010000,20643123890,103.215619,45254543589,226.272718
gapped_10percent_200M_uint64,200000000,1.000000,0.010000,1,pgm_hash_eps64_epsrec1,min_max_cutoff,0.010000,20063226342,100.316132,44571704034,222.858520
gapped_10percent_200M_uint64,200000000,1.000000,0.010000,1,pgm_hash_eps4_epsrec4,min_max_cutoff,0.010000,22567114755,112.835574,47439638827,237.198194
gapped_10percent_200M_uint64,200000000,1.000000,0.010000,2,pgm_hash_eps256_epsrec0,min_max_cutoff,0.010000,18896984915,94.484925,41757712847,208.788564
gapped_10percent_200M_uint64,200000000,1.000000,0.010000,2,pgm_hash_eps128_epsrec4,min_max_cutoff,0.010000,18533184350,92.665922,40945907160,204.729536
gapped_10percent_200M_uint64,200000000,1.000000,0.010000,2,pgm_hash_eps64_epsrec1,min_max_cutoff,0.010000,19867759928,99.338800,42148371269,210.741856
gapped_10percent_200M_uint64,200000000,1.000000,0.010000,2,pgm_hash_eps4_epsrec4,min_max_cutoff,0.010000,22286391421,111.431957,44898123974,224.490620
gapped_10percent_200M_uint64,200000000,1.000000,0.010000,4,pgm_hash_eps256_epsrec0,min_max_cutoff,0.010000,18467779251,92.338896,41581233261,207.906166
gapped_10percent_200M_uint64,200000000,1.000000,0.010000,4,pgm_hash_eps128_epsrec4,min_max_cutoff,0.010000,17821909910,89.109550,41002160917,205.010805
gapped_10percent_200M_uint64,200000000,1.000000,0.010000,4,pgm_hash_eps64_epsrec1,min_max_cutoff,0.010000,19898170226,99.490851,42849234957,214.246175
gapped_10percent_200M_uint64,200000000,1.000000,0.010000,4,pgm_hash_eps4_epsrec4,min_max_cutoff,0.010000,22417121140,112.085606,46083521879,230.417609
gapped_10percent_200M_uint64,200000000,0.750000,0.010000,1,pgm_hash_eps256_epsrec0,min_max_cutoff,0.010000,18256388667,91.281943,43271733008,216.358665
gapped_10percent_200M_uint64,200000000,0.750000,0.010000,1,pgm_hash_eps128_epsrec4,min_max_cutoff,0.010000,16543203044,82.716015,41164851622,205.824258
gapped_10percent_200M_uint64,200000000,0.750000,0.010000,1,pgm_hash_eps64_epsrec1,min_max_cutoff,0.010000,17569218382,87.846092,42169311009,210.846555
gapped_10percent_200M_uint64,200000000,0.750000,0.010000,1,pgm_hash_eps4_epsrec4,min_max_cutoff,0.010000,19732794661,98.663973,44474178726,222.370894
gapped_10percent_200M_uint64,200000000,0.750000,0.010000,2,pgm_hash_eps256_epsrec0,min_max_cutoff,0.010000,17735660433,88.678302,41333707738,206.668539
gapped_10percent_200M_uint64,200000000,0.750000,0.010000,2,pgm_hash_eps128_epsrec4,min_max_cutoff,0.010000,17760779684,88.803898,40734259996,203.671300
gapped_10percent_200M_uint64,200000000,0.750000,0.010000,2,pgm_hash_eps64_epsrec1,min_max_cutoff,0.010000,19554926807,97.774634,42378988708,211.894944
gapped_10percent_200M_uint64,200000000,0.750000,0.010000,2,pgm_hash_eps4_epsrec4,min_max_cutoff,0.010000,22081327630,110.406638,45424965171,227.124826
gapped_10percent_200M_uint64,200000000,0.750000,0.010000,4,pgm_hash_eps256_epsrec0,min_max_cutoff,0.010000,17585747946,87.928740,41909537572,209.547688
gapped_10percent_200M_uint64,200000000,0.750000,0.010000,4,pgm_hash_eps128_epsrec4,min_max_cutoff,0.010000,17438381739,87.191909,41386134189,206.930671
gapped_10percent_200M_uint64,200000000,0.750000,0.010000,4,pgm_hash_eps64_epsrec1,min_max_cutoff,0.010000,19566469527,97.832348,43132422668,215.662113
gapped_10percent_200M_uint64,200000000,0.750000,0.010000,4,pgm_hash_eps4_epsrec4,min_max_cutoff,0.010000,22042373138,110.211866,46654221124,233.271106
gapped_10percent_200M_uint64,200000000,0.500000,0.010000,1,pgm_hash_eps256_epsrec0,min_max_cutoff,0.010000,18795311364,93.976557,43786820076,218.934100
gapped_10percent_200M_uint64,200000000,0.500000,0.010000,1,pgm_hash_eps128_epsrec4,min_max_cutoff,0.010000,17547970136,87.739851,42150117003,210.750585
gapped_10percent_200M_uint64,200000000,0.500000,0.010000,1,pgm_hash_eps64_epsrec1,min_max_cutoff,0.010000,18600397238,93.001986,43186881967,215.934410
gapped_10percent_200M_uint64,200000000,0.500000,0.010000,1,pgm_hash_eps4_epsrec4,min_max_cutoff,0.010000,20700418873,103.502094,45317480068,226.587400
gapped_10percent_200M_uint64,200000000,0.500000,0.010000,2,pgm_hash_eps256_epsrec0,min_max_cutoff,0.010000,18259086124,91.295431,42116506529,210.582533
gapped_10percent_200M_uint64,200000000,0.500000,0.010000,2,pgm_hash_eps128_epsrec4,min_max_cutoff,0.010000,18358278348,91.791392,41361907299,206.809536
gapped_10percent_200M_uint64,200000000,0.500000,0.010000,2,pgm_hash_eps64_epsrec1,min_max_cutoff,0.010000,20051629815,100.258149,43091203287,215.456016
gapped_10percent_200M_uint64,200000000,0.500000,0.010000,2,pgm_hash_eps4_epsrec4,min_max_cutoff,0.010000,22579953559,112.899768,46185231548,230.926158
gapped_10percent_200M_uint64,200000000,0.500000,0.010000,4,pgm_hash_eps256_epsrec0,min_max_cutoff,0.010000,18061909101,90.309546,42207175843,211.035879
gapped_10percent_200M_uint64,200000000,0.500000,0.010000,4,pgm_hash_eps128_epsrec4,min_max_cutoff,0.010000,17889389738,89.446949,41606244730,208.031224
gapped_10percent_200M_uint64,200000000,0.500000,0.010000,4,pgm_hash_eps64_epsrec1,min_max_cutoff,0.010000,20043820719,100.219104,43439069910,217.195350
gapped_10percent_200M_uint64,200000000,0.500000,0.010000,4,pgm_hash_eps4_epsrec4,min_max_cutoff,0.010000,22310961154,111.554806,46716200048,233.581000
books_200M_uint32,199999999,0.250000,0.010000,1,pgm_hash_eps256_epsrec0,min_max_cutoff,0.010000,21441445125,107.207226,44086490916,220.432456
books_200M_uint32,199999999,0.250000,0.010000,1,pgm_hash_eps128_epsrec4,min_max_cutoff,0.010000,21984646585,109.923233,45510253657,227.551269
books_200M_uint32,199999999,0.250000,0.010000,1,pgm_hash_eps4_epsrec4,min_max_cutoff,0.010000,27224852667,136.124264,50322965484,251.614829
books_200M_uint32,199999999,0.250000,0.010000,2,pgm_hash_eps256_epsrec0,min_max_cutoff,0.010000,20885763973,104.428820,43077400403,215.387003
books_200M_uint32,199999999,0.250000,0.010000,2,pgm_hash_eps128_epsrec4,min_max_cutoff,0.010000,22062876384,110.314382,44357807812,221.789040
books_200M_uint32,199999999,0.250000,0.010000,2,pgm_hash_eps4_epsrec4,min_max_cutoff,0.010000,29987627266,149.938137,49011120326,245.055603
books_200M_uint64,200000000,0.250000,0.010000,1,pgm_hash_eps256_epsrec0,min_max_cutoff,0.010000,36861586029,184.307930,56110969999,280.554850
books_200M_uint64,200000000,0.250000,0.010000,1,pgm_hash_eps128_epsrec4,min_max_cutoff,0.010000,37086657622,185.433288,62485839478,312.429197
books_200M_uint64,200000000,0.250000,0.010000,1,pgm_hash_eps4_epsrec4,min_max_cutoff,0.010000,42000847670,210.004238,64721175517,323.605878
books_200M_uint64,200000000,0.250000,0.010000,2,pgm_hash_eps256_epsrec0,min_max_cutoff,0.010000,28427308145,142.136541,48185379416,240.926897
books_200M_uint64,200000000,0.250000,0.010000,2,pgm_hash_eps128_epsrec4,min_max_cutoff,0.010000,28575454092,142.877270,50604797676,253.023988
books_200M_uint64,200000000,0.250000,0.010000,2,pgm_hash_eps4_epsrec4,min_max_cutoff,0.010000,38520758644,192.603793,54579428968,272.897145
fb_200M_uint64,200000000,0.250000,0.010000,1,pgm_hash_eps256_epsrec0,min_max_cutoff,0.010000,104255950670,521.279753,116428563972,582.142820
fb_200M_uint64,200000000,0.250000,0.010000,1,pgm_hash_eps128_epsrec4,min_max_cutoff,0.010000,92676558056,463.382790,115612380419,578.061902
fb_200M_uint64,200000000,0.250000,0.010000,1,pgm_hash_eps4_epsrec4,min_max_cutoff,0.010000,96262332766,481.311664,115940832089,579.704160
fb_200M_uint64,200000000,0.250000,0.010000,2,pgm_hash_eps256_epsrec0,min_max_cutoff,0.010000,60504720913,302.523605,74742992280,373.714961
fb_200M_uint64,200000000,0.250000,0.010000,2,pgm_hash_eps128_epsrec4,min_max_cutoff,0.010000,59164944017,295.824720,74399156007,371.995780
fb_200M_uint64,200000000,0.250000,0.010000,2,pgm_hash_eps4_epsrec4,min_max_cutoff,0.010000,59420306904,297.101535,75840391932,379.201960
osm_cellids_200M_uint64,200000000,0.250000,0.010000,1,pgm_hash_eps256_epsrec0,min_max_cutoff,0.010000,180344246629,901.721233,194801647495,974.008237
osm_cellids_200M_uint64,200000000,0.250000,0.010000,1,pgm_hash_eps128_epsrec4,min_max_cutoff,0.010000,173595589300,867.977946,195999247673,979.996238
osm_cellids_200M_uint64,200000000,0.250000,0.010000,1,pgm_hash_eps4_epsrec4,min_max_cutoff,0.010000,77492060310,387.460302,94612137666,473.060688
osm_cellids_200M_uint64,200000000,0.250000,0.010000,2,pgm_hash_eps256_epsrec0,min_max_cutoff,0.010000,96165827163,480.829136,113532991164,567.664956
osm_cellids_200M_uint64,200000000,0.250000,0.010000,2,pgm_hash_eps128_epsrec4,min_max_cutoff,0.010000,95497510459,477.487552,109298400650,546.492003
osm_cellids_200M_uint64,200000000,0.250000,0.010000,2,pgm_hash_eps4_epsrec4,min_max_cutoff,0.010000,58026414137,290.132071,71335086751,356.675434
wiki_ts_200M_uint64,90437011,0.250000,0.010000,1,pgm_hash_eps256_epsrec0,min_max_cutoff,0.010000,10271793832,113.579537,21386279517,236.477072
wiki_ts_200M_uint64,90437011,0.250000,0.010000,1,pgm_hash_eps128_epsrec4,min_max_cutoff,0.010000,9126638024,100.917068,19978288704,220.908326
wiki_ts_200M_uint64,90437011,0.250000,0.010000,1,pgm_hash_eps4_epsrec4,min_max_cutoff,0.010000,11173305985,123.547935,21347510736,236.048389
wiki_ts_200M_uint64,90437011,0.250000,0.010000,2,pgm_hash_eps256_epsrec0,min_max_cutoff,0.010000,9190176711,101.619642,19394499462,214.453123
wiki_ts_200M_uint64,90437011,0.250000,0.010000,2,pgm_hash_eps128_epsrec4,min_max_cutoff,0.010000,9601816819,106.171320,19727264203,218.132643
wiki_ts_200M_uint64,90437011,0.250000,0.010000,2,pgm_hash_eps4_epsrec4,min_max_cutoff,0.010000,13323618754,147.324846,21671369532,239.629431
consecutive_200M_uint64,200000000,0.250000,0.010000,1,pgm_hash_eps256_epsrec0,min_max_cutoff,0.010000,19185325831,95.926629,44120876248,220.604381
consecutive_200M_uint64,200000000,0.250000,0.010000,1,pgm_hash_eps128_epsrec4,min_max_cutoff,0.010000,18865878381,94.329392,43103156733,215.515784
consecutive_200M_uint64,200000000,0.250000,0.010000,1,pgm_hash_eps64_epsrec1,min_max_cutoff,0.010000,20464923558,102.324618,44414673824,222.073369
consecutive_200M_uint64,200000000,0.250000,0.010000,1,pgm_hash_eps4_epsrec4,min_max_cutoff,0.010000,22492079583,112.460398,46813045186,234.065226
consecutive_200M_uint64,200000000,0.250000,0.010000,2,pgm_hash_eps256_epsrec0,min_max_cutoff,0.010000,19267116390,96.335582,42635222236,213.176111
consecutive_200M_uint64,200000000,0.250000,0.010000,2,pgm_hash_eps128_epsrec4,min_max_cutoff,0.010000,19046842497,95.234212,41726780977,208.633905
consecutive_200M_uint64,200000000,0.250000,0.010000,2,pgm_hash_eps64_epsrec1,min_max_cutoff,0.010000,20818864055,104.094320,43851361910,219.256810
consecutive_200M_uint64,200000000,0.250000,0.010000,2,pgm_hash_eps4_epsrec4,min_max_cutoff,0.010000,23181282499,115.906412,46584483849,232.922419
gapped_1permill_200M_uint64,200000000,0.250000,0.010000,1,pgm_hash_eps256_epsrec0,min_max_cutoff,0.010000,19388832293,96.944161,44378595272,221.892976
gapped_1permill_200M_uint64,200000000,0.250000,0.010000,1,pgm_hash_eps128_epsrec4,min_max_cutoff,0.010000,19024837817,95.124189,43339968116,216.699841
gapped_1permill_200M_uint64,200000000,0.250000,0.010000,1,pgm_hash_eps64_epsrec1,min_max_cutoff,0.010000,20163139421,100.815697,43903547677,219.517738
gapped_1permill_200M_uint64,200000000,0.250000,0.010000,1,pgm_hash_eps4_epsrec4,min_max_cutoff,0.010000,22461565697,112.307828,46641619934,233.208100
gapped_1permill_200M_uint64,200000000,0.250000,0.010000,2,pgm_hash_eps256_epsrec0,min_max_cutoff,0.010000,19272365791,96.361829,42757308847,213.786544
gapped_1permill_200M_uint64,200000000,0.250000,0.010000,2,pgm_hash_eps128_epsrec4,min_max_cutoff,0.010000,19129853372,95.649267,41780476227,208.902381
gapped_1permill_200M_uint64,200000000,0.250000,0.010000,2,pgm_hash_eps64_epsrec1,min_max_cutoff,0.010000,20929008988,104.645045,43827766297,219.138831
gapped_1permill_200M_uint64,200000000,0.250000,0.010000,2,pgm_hash_eps4_epsrec4,min_max_cutoff,0.010000,23049781508,115.248908,46584843404,232.924217
gapped_1percent_200M_uint64,200000000,0.250000,0.010000,1,pgm_hash_eps256_epsrec0,min_max_cutoff,0.010000,19043468713,95.217344,44049891828,220.249459
gapped_1percent_200M_uint64,200000000,0.250000,0.010000,1,pgm_hash_eps128_epsrec4,min_max_cutoff,0.010000,18741789266,93.708946,42869089119,214.345446
gapped_1percent_200M_uint64,200000000,0.250000,0.010000,1,pgm_hash_eps64_epsrec1,min_max_cutoff,0.010000,20290562491,101.452812,43983498413,219.917492
gapped_1percent_200M_uint64,200000000,0.250000,0.010000,1,pgm_hash_eps4_epsrec4,min_max_cutoff,0.010000,22247337047,111.236685,46270913332,231.354567
gapped_1percent_200M_uint64,200000000,0.250000,0.010000,2,pgm_hash_eps256_epsrec0,min_max_cutoff,0.010000,19126789568,95.633948,42813291022,214.066455
gapped_1percent_200M_uint64,200000000,0.250000,0.010000,2,pgm_hash_eps128_epsrec4,min_max_cutoff,0.010000,19007480272,95.037401,41884260150,209.421301
gapped_1percent_200M_uint64,200000000,0.250000,0.010000,2,pgm_hash_eps64_epsrec1,min_max_cutoff,0.010000,20580189687,102.900948,43687827034,218.439135
gapped_1percent_200M_uint64,200000000,0.250000,0.010000,2,pgm_hash_eps4_epsrec4,min_max_cutoff,0.010000,23112397038,115.561985,46762668444,233.813342
gapped_10percent_200M_uint64,200000000,0.250000,0.010000,1,pgm_hash_eps256_epsrec0,min_max_cutoff,0.010000,18836400875,94.182004,43630534202,218.152671
gapped_10percent_200M_uint64,200000000,0.250000,0.010000,1,pgm_hash_eps128_epsrec4,min_max_cutoff,0.010000,18722969614,93.614848,42618920459,213.094602
gapped_10percent_200M_uint64,200000000,0.250000,0.010000,1,pgm_hash_eps64_epsrec1,min_max_cutoff,0.010000,20231803481,101.159017,43984630380,219.923152
gapped_10percent_200M_uint64,200000000,0.250000,0.010000,1,pgm_hash_eps4_epsrec4,min_max_cutoff,0.010000,22024799831,110.123999,46007332663,230.036663
gapped_10percent_200M_uint64,200000000,0.250000,0.010000,2,pgm_hash_eps256_epsrec0,min_max_cutoff,0.010000,19228625822,96.143129,42652395411,213.261977
gapped_10percent_200M_uint64,200000000,0.250000,0.010000,2,pgm_hash_eps128_epsrec4,min_max_cutoff,0.010000,19069910620,95.349553,41769136930,208.845685
gapped_10percent_200M_uint64,200000000,0.250000,0.010000,2,pgm_hash_eps64_epsrec1,min_max_cutoff,0.010000,20769449156,103.847246,43771217824,218.856089
gapped_10percent_200M_uint64,200000000,0.250000,0.010000,2,pgm_hash_eps4_epsrec4,min_max_cutoff,0.010000,23412409755,117.062049,46819183564,234.095918
