dataset,numelements,model,reducer,sample_size,model_count,sample_nanoseconds_total,sample_nanoseconds_per_key,prepare_nanoseconds_total,prepare_nanoseconds_per_key,build_nanoseconds_total,build_nanoseconds_per_key,hashing_nanoseconds_total,hashing_nanoseconds_per_key,total_nanoseconds,total_nanoseconds_per_key,benchmark_repeat_cnt
wiki_ts_200M_uint64,90437011,pgm_hash_eps256_epsrec4,min_max_cutoff,0.001000,,9160737,0.101294,5294666,0.058545,22879525,0.252989,3140930299,34.730585,3178265227,35.143413,10
gapped_1percent_200M_uint64,200000000,pgm_hash_eps256_epsrec4,min_max_cutoff,0.001000,,96952837,0.484764,13110396,0.065552,2230135,0.011151,3754113858,18.770569,3866407226,19.332036,10
consecutive_200M_uint64,200000000,pgm_hash_eps256_epsrec4,min_max_cutoff,0.001000,,97722327,0.488612,12480694,0.062403,3473088,0.017365,3768758684,18.843793,3882434793,19.412174,10
books_200M_uint32,199999999,pgm_hash_eps256_epsrec4,min_max_cutoff,0.001000,,14281608,0.071408,12268681,0.061343,3992039,0.019960,4184243483,20.921218,4214785811,21.073929,10
wiki_ts_200M_uint64,90437011,pgm_hash_eps64_epsrec4,min_max_cutoff,0.001000,,9160737,0.101294,5294666,0.058545,1580916,0.017481,3210116316,35.495604,3226152635,35.672924,10
osm_cellids_200M_uint64,200000000,pgm_hash_eps256_epsrec4,min_max_cutoff,0.001000,,130167545,0.650838,11510484,0.057552,4877951,0.024390,6991747987,34.958740,7138303967,35.691520,10
gapped_1percent_200M_uint64,200000000,pgm_hash_eps64_epsrec4,min_max_cutoff,0.001000,,96952837,0.484764,13110396,0.065552,2060960,0.010305,3908867808,19.544339,4020992001,20.104960,10
consecutive_200M_uint64,200000000,pgm_hash_eps64_epsrec4,min_max_cutoff,0.001000,,97722327,0.488612,12480694,0.062403,1109658,0.005548,3885019831,19.425099,3996332510,19.981663,10
wiki_ts_200M_uint64,90437011,pgm_hash_eps16_epsrec4,min_max_cutoff,0.001000,,9160737,0.101294,5294666,0.058545,1517751,0.016782,3216961450,35.571293,3232934604,35.747915,10
books_200M_uint32,199999999,pgm_hash_eps64_epsrec4,min_max_cutoff,0.001000,,14281608,0.071408,12268681,0.061343,1647026,0.008235,4431931667,22.159658,4460128982,22.300645,10
wiki_ts_200M_uint64,90437011,pgm_hash_eps4_epsrec4,min_max_cutoff,0.001000,,9160737,0.101294,5294666,0.058545,1503163,0.016621,3293333639,36.415773,3309292205,36.592233,10
consecutive_200M_uint64,200000000,pgm_hash_eps16_epsrec4,min_max_cutoff,0.001000,,97722327,0.488612,12480694,0.062403,1967875,0.009839,3843229761,19.216149,3955400657,19.777003,10
gapped_1percent_200M_uint64,200000000,pgm_hash_eps16_epsrec4,min_max_cutoff,0.001000,,96952837,0.484764,13110396,0.065552,1955176,0.009776,4100583171,20.502916,4212601580,21.063008,10
wiki_ts_200M_uint64,90437011,pgm_hash_eps256_epsrec1,min_max_cutoff,0.001000,,9160737,0.101294,5294666,0.058545,1619395,0.017906,2444464579,27.029471,2460539377,27.207217,10
osm_cellids_200M_uint64,200000000,pgm_hash_eps64_epsrec4,min_max_cutoff,0.001000,,130167545,0.650838,11510484,0.057552,1718551,0.008593,7297568676,36.487843,7440965256,37.204826,10
wiki_ts_200M_uint64,90437011,pgm_hash_eps64_epsrec1,min_max_cutoff,0.001000,,9160737,0.101294,5294666,0.058545,901546,0.009969,2105230849,23.278421,2120587798,23.448230,10
books_200M_uint32,199999999,pgm_hash_eps16_epsrec4,min_max_cutoff,0.001000,,14281608,0.071408,12268681,0.061343,2192128,0.010961,7246022874,36.230115,7274765291,36.373827,10
wiki_ts_200M_uint64,90437011,pgm_hash_eps16_epsrec1,min_max_cutoff,0.001000,,9160737,0.101294,5294666,0.058545,1021144,0.011291,2509567884,27.749346,2525044431,27.920476,10
consecutive_200M_uint64,200000000,pgm_hash_eps4_epsrec4,min_max_cutoff,0.001000,,97722327,0.488612,12480694,0.062403,3305747,0.016529,7668310341,38.341552,7781819109,38.909096,10
gapped_1percent_200M_uint64,200000000,pgm_hash_eps4_epsrec4,min_max_cutoff,0.001000,,96952837,0.484764,13110396,0.065552,2378105,0.011891,7616285129,38.081426,7728726467,38.643632,10
wiki_ts_200M_uint64,90437011,pgm_hash_eps4_epsrec1,min_max_cutoff,0.001000,,9160737,0.101294,5294666,0.058545,1178468,0.013031,3789730690,41.904643,3805364561,42.077514,10
consecutive_200M_uint64,200000000,pgm_hash_eps256_epsrec1,min_max_cutoff,0.001000,,97722327,0.488612,12480694,0.062403,2475267,0.012376,3147963762,15.739819,3260642050,16.303210,10
gapped_1percent_200M_uint64,200000000,pgm_hash_eps256_epsrec1,min_max_cutoff,0.001000,,96952837,0.484764,13110396,0.065552,1904132,0.009521,3171330968,15.856655,3283298333,16.416492,10
books_200M_uint32,199999999,pgm_hash_eps4_epsrec4,min_max_cutoff,0.001000,,14281608,0.071408,12268681,0.061343,2482240,0.012411,7750163154,38.750816,7779195683,38.895979,10
wiki_ts_200M_uint64,90437011,pgm_hash_eps256_epsrec0,min_max_cutoff,0.001000,,9160737,0.101294,5294666,0.058545,1449501,0.016028,2308857180,25.530003,2324762084,25.705870,10
osm_cellids_200M_uint64,200000000,pgm_hash_eps16_epsrec4,min_max_cutoff,0.001000,,130167545,0.650838,11510484,0.057552,2758130,0.013791,10399216779,51.996084,10543652938,52.718265,10
consecutive_200M_uint64,200000000,pgm_hash_eps64_epsrec1,min_max_cutoff,0.001000,,97722327,0.488612,12480694,0.062403,1070730,0.005354,3327990890,16.639954,3439264641,17.196323,10
gapped_1percent_200M_uint64,200000000,pgm_hash_eps64_epsrec1,min_max_cutoff,0.001000,,96952837,0.484764,13110396,0.065552,1163072,0.005815,3295694906,16.478475,3406921211,17.034606,10
wiki_ts_200M_uint64,90437011,pgm_hash_eps64_epsrec0,min_max_cutoff,0.001000,,9160737,0.101294,5294666,0.058545,822146,0.009091,2138986821,23.651675,2154264370,23.820606,10
books_200M_uint32,199999999,pgm_hash_eps256_epsrec1,min_max_cutoff,0.001000,,14281608,0.071408,12268681,0.061343,1626596,0.008133,5195387160,25.976936,5223564045,26.117820,10
wiki_ts_200M_uint64,90437011,pgm_hash_eps16_epsrec0,min_max_cutoff,0.001000,,9160737,0.101294,5294666,0.058545,1010004,0.011168,3615715010,39.980479,3631180417,40.151486,10
gapped_1percent_200M_uint64,200000000,pgm_hash_eps16_epsrec1,min_max_cutoff,0.001000,,96952837,0.484764,13110396,0.065552,1290848,0.006454,5815653765,29.078269,5927007846,29.635039,10
consecutive_200M_uint64,200000000,pgm_hash_eps16_epsrec1,min_max_cutoff,0.001000,,97722327,0.488612,12480694,0.062403,1466508,0.007333,6250790016,31.253950,6362459545,31.812298,10
books_200M_uint32,199999999,pgm_hash_eps64_epsrec1,min_max_cutoff,0.001000,,14281608,0.071408,12268681,0.061343,2181074,0.010905,5346248138,26.731241,5374979501,26.874898,10
wiki_ts_200M_uint64,90437011,pgm_hash_eps4_epsrec0,min_max_cutoff,0.001000,,9160737,0.101294,5294666,0.058545,1261202,0.013946,4748077485,52.501486,4763794090,52.675271,10
osm_cellids_200M_uint64,200000000,pgm_hash_eps4_epsrec4,min_max_cutoff,0.001000,,130167545,0.650838,11510484,0.057552,2675911,0.013380,10774293770,53.871469,10918647710,54.593239,10
wiki_ts_200M_uint64,90437011,pgm_hash_eps256_epsrec4,min_max_cutoff,0.010000,,61476262,0.679769,63119623,0.697940,4871702,0.053868,3065358785,33.894959,3194826372,35.326537,10
books_200M_uint32,199999999,pgm_hash_eps16_epsrec1,min_max_cutoff,0.001000,,14281608,0.071408,12268681,0.061343,1416992,0.007085,6041829635,30.209148,6069796916,30.348985,10
gapped_1percent_200M_uint64,200000000,pgm_hash_eps4_epsrec1,min_max_cutoff,0.001000,,96952837,0.484764,13110396,0.065552,3214858,0.016074,8709682825,43.548414,8822960916,44.114805,10
consecutive_200M_uint64,200000000,pgm_hash_eps4_epsrec1,min_max_cutoff,0.001000,,97722327,0.488612,12480694,0.062403,2129357,0.010647,8847530582,44.237653,8959862960,44.799315,10
wiki_ts_200M_uint64,90437011,pgm_hash_eps64_epsrec4,min_max_cutoff,0.010000,,61476262,0.679769,63119623,0.697940,4645053,0.051362,3111240399,34.402291,3240481337,35.831363,10
wiki_ts_200M_uint64,90437011,pgm_hash_eps16_epsrec4,min_max_cutoff,0.010000,,61476262,0.679769,63119623,0.697940,4660304,0.051531,3362492932,37.180496,3491749121,38.609736,10
osm_cellids_200M_uint64,200000000,pgm_hash_eps256_epsrec1,min_max_cutoff,0.001000,,130167545,0.650838,11510484,0.057552,1931147,0.009656,8585336761,42.926684,8728945937,43.644730,10
gapped_1percent_200M_uint64,200000000,pgm_hash_eps256_epsrec0,min_max_cutoff,0.001000,,96952837,0.484764,13110396,0.065552,1431156,0.007156,5117049499,25.585247,5228543888,26.142719,10
consecutive_200M_uint64,200000000,pgm_hash_eps256_epsrec0,min_max_cutoff,0.001000,,97722327,0.488612,12480694,0.062403,2446181,0.012231,5108625787,25.543129,5221274989,26.106375,10
books_200M_uint32,199999999,pgm_hash_eps4_epsrec1,min_max_cutoff,0.001000,,14281608,0.071408,12268681,0.061343,2373167,0.011866,8828224785,44.141124,8857148241,44.285741,10
wiki_ts_200M_uint64,90437011,pgm_hash_eps4_epsrec4,min_max_cutoff,0.010000,,61476262,0.679769,63119623,0.697940,6150687,0.068011,4903183604,54.216560,5033930176,55.662279,10
gapped_1percent_200M_uint64,200000000,pgm_hash_eps64_epsrec0,min_max_cutoff,0.001000,,96952837,0.484764,13110396,0.065552,1589107,0.007946,4663804575,23.319023,4775456915,23.877285,10
consecutive_200M_uint64,200000000,pgm_hash_eps64_epsrec0,min_max_cutoff,0.001000,,97722327,0.488612,12480694,0.062403,1015756,0.005079,4679439159,23.397196,4790657936,23.953290,10
wiki_ts_200M_uint64,90437011,pgm_hash_eps256_epsrec1,min_max_cutoff,0.010000,,61476262,0.679769,63119623,0.697940,3143665,0.034761,2239666293,24.764931,2367405843,26.177400,10
books_200M_uint32,199999999,pgm_hash_eps256_epsrec0,min_max_cutoff,0.001000,,14281608,0.071408,12268681,0.061343,2673777,0.013369,5116178582,25.580893,5145402648,25.727013,10
osm_cellids_200M_uint64,200000000,pgm_hash_eps64_epsrec1,min_max_cutoff,0.001000,,130167545,0.650838,11510484,0.057552,1344447,0.006722,10696969888,53.484849,10839992364,54.199962,10
wiki_ts_200M_uint64,90437011,pgm_hash_eps64_epsrec1,min_max_cutoff,0.010000,,61476262,0.679769,63119623,0.697940,3520062,0.038923,3680511810,40.696964,3808627757,42.113596,10
wiki_ts_200M_uint64,90437011,pgm_hash_eps16_epsrec1,min_max_cutoff,0.010000,,61476262,0.679769,63119623,0.697940,4644427,0.051355,3723649732,41.173958,3852890044,42.603023,10
books_200M_uint32,199999999,pgm_hash_eps64_epsrec0,min_max_cutoff,0.001000,,14281608,0.071408,12268681,0.061343,1838589,0.009193,4835650710,24.178254,4864039588,24.320198,10
gapped_1percent_200M_uint64,200000000,pgm_hash_eps16_epsrec0,min_max_cutoff,0.001000,,96952837,0.484764,13110396,0.065552,1838791,0.009194,8919838174,44.599191,9031740198,45.158701,10
consecutive_200M_uint64,200000000,pgm_hash_eps16_epsrec0,min_max_cutoff,0.001000,,97722327,0.488612,12480694,0.062403,1851599,0.009258,8984796322,44.923982,9096850942,45.484255,10
wiki_ts_200M_uint64,90437011,pgm_hash_eps4_epsrec1,min_max_cutoff,0.010000,,61476262,0.679769,63119623,0.697940,5743917,0.063513,5260668743,58.169423,5391008545,59.610645,10
osm_cellids_200M_uint64,200000000,pgm_hash_eps16_epsrec1,min_max_cutoff,0.001000,,130167545,0.650838,11510484,0.057552,2171925,0.010860,11394081952,56.970410,11537931906,57.689660,10
wiki_ts_200M_uint64,90437011,pgm_hash_eps256_epsrec0,min_max_cutoff,0.010000,,61476262,0.679769,63119623,0.697940,5219511,0.057714,2592971441,28.671574,2722786837,30.106997,10
books_200M_uint32,199999999,pgm_hash_eps16_epsrec0,min_max_cutoff,0.001000,,14281608,0.071408,12268681,0.061343,1482372,0.007412,8919441858,44.597210,8947474519,44.737373,10
wiki_ts_200M_uint64,90437011,pgm_hash_eps64_epsrec0,min_max_cutoff,0.010000,,61476262,0.679769,63119623,0.697940,3050766,0.033734,3045642377,33.676946,3173289028,35.088389,10
gapped_1percent_200M_uint64,200000000,pgm_hash_eps4_epsrec0,min_max_cutoff,0.001000,,96952837,0.484764,13110396,0.065552,1385849,0.006929,11878273566,59.391368,11989722648,59.948613,10
consecutive_200M_uint64,200000000,pgm_hash_eps4_epsrec0,min_max_cutoff,0.001000,,97722327,0.488612,12480694,0.062403,2132509,0.010663,11873844675,59.369223,11986180205,59.930901,10
gapped_1percent_200M_uint64,200000000,pgm_hash_eps256_epsrec4,min_max_cutoff,0.010000,,116891480,0.584457,146880665,0.734403,7518415,0.037592,3784365745,18.921829,4055656305,20.278282,10
wiki_ts_200M_uint64,90437011,pgm_hash_eps16_epsrec0,min_max_cutoff,0.010000,,61476262,0.679769,63119623,0.697940,6208592,0.068651,5245212940,57.998522,5376017417,59.444882,10
consecutive_200M_uint64,200000000,pgm_hash_eps256_epsrec4,min_max_cutoff,0.010000,,119986470,0.599932,147664736,0.738324,5047745,0.025239,3769376470,18.846882,4042075421,20.210377,10
books_200M_uint32,199999999,pgm_hash_eps4_epsrec0,min_max_cutoff,0.001000,,14281608,0.071408,12268681,0.061343,2115233,0.010576,11874687397,59.373437,11903352919,59.516765,10
osm_cellids_200M_uint64,200000000,pgm_hash_eps4_epsrec1,min_max_cutoff,0.001000,,130167545,0.650838,11510484,0.057552,2714624,0.013573,14144047985,70.720240,14288440638,71.442203,10
gapped_1percent_200M_uint64,200000000,pgm_hash_eps64_epsrec4,min_max_cutoff,0.010000,,116891480,0.584457,146880665,0.734403,6860629,0.034303,6312140065,31.560700,6582772839,32.913864,10
consecutive_200M_uint64,200000000,pgm_hash_eps64_epsrec4,min_max_cutoff,0.010000,,119986470,0.599932,147664736,0.738324,4765245,0.023826,6499977351,32.499887,6772393802,33.861969,10
wiki_ts_200M_uint64,90437011,pgm_hash_eps4_epsrec0,min_max_cutoff,0.010000,,61476262,0.679769,63119623,0.697940,5521767,0.061056,6811653596,75.319314,6941771248,76.758079,10
books_200M_uint32,199999999,pgm_hash_eps256_epsrec4,min_max_cutoff,0.010000,,357030976,1.785155,146855492,0.734277,6822159,0.034111,4337301034,21.686505,4848009661,24.240048,10
wiki_ts_200M_uint64,90437011,pgm_hash_eps256_epsrec4,min_max_cutoff,0.100000,,506030038,5.595387,742577911,8.210996,16040092,0.177362,3302585137,36.518070,4567233178,50.501815,10
osm_cellids_200M_uint64,200000000,pgm_hash_eps256_epsrec0,min_max_cutoff,0.001000,,130167545,0.650838,11510484,0.057552,1900281,0.009501,7080027755,35.400139,7223606065,36.118030,10
gapped_1percent_200M_uint64,200000000,pgm_hash_eps16_epsrec4,min_max_cutoff,0.010000,,116891480,0.584457,146880665,0.734403,6514899,0.032574,7518424292,37.592121,7788711336,38.943557,10
wiki_ts_200M_uint64,90437011,pgm_hash_eps64_epsrec4,min_max_cutoff,0.100000,,506030038,5.595387,742577911,8.210996,25270526,0.279427,3378301302,37.355296,4652179777,51.441105,10
consecutive_200M_uint64,200000000,pgm_hash_eps16_epsrec4,min_max_cutoff,0.010000,,119986470,0.599932,147664736,0.738324,9736995,0.048685,7603913303,38.019567,7881301504,39.406508,10
books_200M_uint32,199999999,pgm_hash_eps64_epsrec4,min_max_cutoff,0.010000,,357030976,1.785155,146855492,0.734277,6894843,0.034474,7012659369,35.063297,7523440680,37.617204,10
wiki_ts_200M_uint64,90437011,pgm_hash_eps16_epsrec4,min_max_cutoff,0.100000,,506030038,5.595387,742577911,8.210996,18200588,0.201252,4956715269,54.808482,6223523806,68.816116,10
osm_cellids_200M_uint64,200000000,pgm_hash_eps64_epsrec0,min_max_cutoff,0.001000,,130167545,0.650838,11510484,0.057552,1365212,0.006826,8046510661,40.232553,8189553902,40.947770,10
gapped_1percent_200M_uint64,200000000,pgm_hash_eps4_epsrec4,min_max_cutoff,0.010000,,116891480,0.584457,146880665,0.734403,13282528,0.066413,8374255801,41.871279,8651310474,43.256552,10
consecutive_200M_uint64,200000000,pgm_hash_eps4_epsrec4,min_max_cutoff,0.010000,,119986470,0.599932,147664736,0.738324,14201570,0.071008,8455855367,42.279277,8737708143,43.688541,10
books_200M_uint32,199999999,pgm_hash_eps16_epsrec4,min_max_cutoff,0.010000,,357030976,1.785155,146855492,0.734277,8544525,0.042723,7787460589,38.937303,8299891582,41.499458,10
wiki_ts_200M_uint64,90437011,pgm_hash_eps4_epsrec4,min_max_cutoff,0.100000,,506030038,5.595387,742577911,8.210996,34691945,0.383603,6252211210,69.133324,7535511104,83.323310,10
gapped_1percent_200M_uint64,200000000,pgm_hash_eps256_epsrec1,min_max_cutoff,0.010000,,116891480,0.584457,146880665,0.734403,8093524,0.040468,3149635216,15.748176,3421500885,17.107504,10
consecutive_200M_uint64,200000000,pgm_hash_eps256_epsrec1,min_max_cutoff,0.010000,,119986470,0.599932,147664736,0.738324,6904842,0.034524,3153151921,15.765760,3427707969,17.138540,10
wiki_ts_200M_uint64,90437011,pgm_hash_eps256_epsrec1,min_max_cutoff,0.100000,,506030038,5.595387,742577911,8.210996,16864041,0.186473,3788155299,41.887224,5053627289,55.880079,10
gapped_1percent_200M_uint64,200000000,pgm_hash_eps64_epsrec1,min_max_cutoff,0.010000,,116891480,0.584457,146880665,0.734403,4649211,0.023246,5564158370,27.820792,5832579726,29.162899,10
osm_cellids_200M_uint64,200000000,pgm_hash_eps16_epsrec0,min_max_cutoff,0.001000,,130167545,0.650838,11510484,0.057552,2158852,0.010794,10778454817,53.892274,10922291698,54.611458,10
consecutive_200M_uint64,200000000,pgm_hash_eps64_epsrec1,min_max_cutoff,0.010000,,119986470,0.599932,147664736,0.738324,7372756,0.036864,5621037970,28.105190,5896061932,29.480310,10
wiki_ts_200M_uint64,90437011,pgm_hash_eps64_epsrec1,min_max_cutoff,0.100000,,506030038,5.595387,742577911,8.210996,22134789,0.244754,3675809902,40.644973,4946552640,54.696109,10
books_200M_uint32,199999999,pgm_hash_eps4_epsrec4,min_max_cutoff,0.010000,,357030976,1.785155,146855492,0.734277,10412285,0.052061,10985750559,54.928753,11500049312,57.500247,10
wiki_ts_200M_uint64,90437011,pgm_hash_eps16_epsrec1,min_max_cutoff,0.100000,,506030038,5.595387,742577911,8.210996,20788593,0.229868,5330525575,58.941859,6599922117,72.978110,10
gapped_1percent_200M_uint64,200000000,pgm_hash_eps16_epsrec1,min_max_cutoff,0.010000,,116891480,0.584457,146880665,0.734403,9188242,0.045941,8812703593,44.063518,9085663980,45.428320,10
consecutive_200M_uint64,200000000,pgm_hash_eps16_epsrec1,min_max_cutoff,0.010000,,119986470,0.599932,147664736,0.738324,6790268,0.033951,8856333879,44.281669,9130775353,45.653877,10
books_200M_uint32,199999999,pgm_hash_eps256_epsrec1,min_max_cutoff,0.010000,,357030976,1.785155,146855492,0.734277,8380958,0.041905,5620018866,28.100094,6132286292,30.661432,10
wiki_ts_200M_uint64,90437011,pgm_hash_eps4_epsrec1,min_max_cutoff,0.100000,,506030038,5.595387,742577911,8.210996,36063655,0.398771,6386329340,70.616325,7671000944,84.821478,10
osm_cellids_200M_uint64,200000000,pgm_hash_eps4_epsrec0,min_max_cutoff,0.001000,,130167545,0.650838,11510484,0.057552,1618874,0.008094,12722970950,63.614855,12866267853,64.331339,10
books_200M_uint32,199999999,pgm_hash_eps64_epsrec1,min_max_cutoff,0.010000,,357030976,1.785155,146855492,0.734277,4800032,0.024000,6110849411,30.554247,6619535911,33.097680,10
wiki_ts_200M_uint64,90437011,pgm_hash_eps256_epsrec0,min_max_cutoff,0.100000,,506030038,5.595387,742577911,8.210996,19367487,0.214154,4011329980,44.354960,5279305416,58.375496,10
gapped_1percent_200M_uint64,200000000,pgm_hash_eps4_epsrec1,min_max_cutoff,0.010000,,116891480,0.584457,146880665,0.734403,13783067,0.068915,9533096837,47.665484,9810652049,49.053260,10
consecutive_200M_uint64,200000000,pgm_hash_eps4_epsrec1,min_max_cutoff,0.010000,,119986470,0.599932,147664736,0.738324,11649954,0.058250,9512095367,47.560477,9791396527,48.956983,10
wiki_ts_200M_uint64,90437011,pgm_hash_eps64_epsrec0,min_max_cutoff,0.100000,,506030038,5.595387,742577911,8.210996,24281506,0.268491,5338980609,59.035350,6611870064,73.110223,10
osm_cellids_200M_uint64,200000000,pgm_hash_eps256_epsrec4,min_max_cutoff,0.010000,,155869006,0.779345,139582796,0.697914,7894730,0.039474,9816255832,49.081279,10119602364,50.598012,10
gapped_1percent_200M_uint64,200000000,pgm_hash_eps256_epsrec0,min_max_cutoff,0.010000,,116891480,0.584457,146880665,0.734403,6299065,0.031495,5095576415,25.477882,5365647625,26.828238,10
consecutive_200M_uint64,200000000,pgm_hash_eps256_epsrec0,min_max_cutoff,0.010000,,119986470,0.599932,147664736,0.738324,7294896,0.036474,5102424069,25.512120,5377370171,26.886851,10
books_200M_uint32,199999999,pgm_hash_eps16_epsrec1,min_max_cutoff,0.010000,,357030976,1.785155,146855492,0.734277,8011190,0.040056,9120590044,45.602950,9632487702,48.162439,10
wiki_ts_200M_uint64,90437011,pgm_hash_eps16_epsrec0,min_max_cutoff,0.100000,,506030038,5.595387,742577911,8.210996,24464491,0.270514,6835192528,75.579593,8108264968,89.656490,10
gapped_1percent_200M_uint64,200000000,pgm_hash_eps64_epsrec0,min_max_cutoff,0.010000,,116891480,0.584457,146880665,0.734403,5785253,0.028926,7188340028,35.941700,7457897426,37.289487,10
consecutive_200M_uint64,200000000,pgm_hash_eps64_epsrec0,min_max_cutoff,0.010000,,119986470,0.599932,147664736,0.738324,5216729,0.026084,7222339435,36.111697,7495207370,37.476037,10
osm_cellids_200M_uint64,200000000,pgm_hash_eps64_epsrec4,min_max_cutoff,0.010000,,155869006,0.779345,139582796,0.697914,7999357,0.039997,10615609687,53.078048,10919060846,54.595304,10
books_200M_uint32,199999999,pgm_hash_eps4_epsrec1,min_max_cutoff,0.010000,,357030976,1.785155,146855492,0.734277,14753203,0.073766,12024777287,60.123887,12543416958,62.717085,10
wiki_ts_200M_uint64,90437011,pgm_hash_eps4_epsrec0,min_max_cutoff,0.100000,,506030038,5.595387,742577911,8.210996,32662801,0.361166,10415820420,115.172099,11697091170,129.339648,10
gapped_1percent_200M_uint64,200000000,pgm_hash_eps16_epsrec0,min_max_cutoff,0.010000,,116891480,0.584457,146880665,0.734403,6389887,0.031949,11868735182,59.343676,12138897214,60.694486,10
books_200M_uint32,199999999,pgm_hash_eps256_epsrec0,min_max_cutoff,0.010000,,357030976,1.785155,146855492,0.734277,6851056,0.034255,5858646942,29.293235,6369384466,31.846922,10
consecutive_200M_uint64,200000000,pgm_hash_eps16_epsrec0,min_max_cutoff,0.010000,,119986470,0.599932,147664736,0.738324,8477700,0.042389,11888237728,59.441189,12164366634,60.821833,10
wiki_ts_200M_uint64,90437011,pgm_hash_eps256_epsrec4,min_max_cutoff,1.000000,,477663821,5.281729,8526021082,94.275795,220150759,2.434299,3368593578,37.247953,12592429240,139.239777,10
osm_cellids_200M_uint64,200000000,pgm_hash_eps16_epsrec4,min_max_cutoff,0.010000,,155869006,0.779345,139582796,0.697914,8946256,0.044731,11251289001,56.256445,11555687059,57.778435,10
wiki_ts_200M_uint64,90437011,pgm_hash_eps64_epsrec4,min_max_cutoff,1.000000,,477663821,5.281729,8526021082,94.275795,145498893,1.608842,4823907563,53.339971,13973091359,154.506338,10
books_200M_uint32,199999999,pgm_hash_eps64_epsrec0,min_max_cutoff,0.010000,,357030976,1.785155,146855492,0.734277,6369175,0.031846,7276070717,36.380354,7786326360,38.931632,10
wiki_ts_200M_uint64,90437011,pgm_hash_eps16_epsrec4,min_max_cutoff,1.000000,,477663821,5.281729,8526021082,94.275795,162410431,1.795840,5297884823,58.580937,14463980157,159.934301,10
gapped_1percent_200M_uint64,200000000,pgm_hash_eps4_epsrec0,min_max_cutoff,0.010000,,116891480,0.584457,146880665,0.734403,9815863,0.049079,16518368124,82.591841,16791956132,83.959781,10
consecutive_200M_uint64,200000000,pgm_hash_eps4_epsrec0,min_max_cutoff,0.010000,,119986470,0.599932,147664736,0.738324,13081920,0.065410,16411260554,82.056303,16691993680,83.459968,10
osm_cellids_200M_uint64,200000000,pgm_hash_eps4_epsrec4,min_max_cutoff,0.010000,,155869006,0.779345,139582796,0.697914,11387491,0.056937,15326547675,76.632738,15633386968,78.166935,10
wiki_ts_200M_uint64,90437011,pgm_hash_eps4_epsrec4,min_max_cutoff,1.000000,,477663821,5.281729,8526021082,94.275795,193472624,2.139308,6511587641,72.001358,15708745168,173.698191,10
books_200M_uint32,199999999,pgm_hash_eps16_epsrec0,min_max_cutoff,0.010000,,357030976,1.785155,146855492,0.734277,10121298,0.050606,12004067945,60.020340,12518075711,62.590379,10
gapped_1percent_200M_uint64,200000000,pgm_hash_eps256_epsrec4,min_max_cutoff,0.100000,,1327217017,6.636085,1730222916,8.651115,46082214,0.230411,3985111834,19.925559,7088633981,35.443170,10
consecutive_200M_uint64,200000000,pgm_hash_eps256_epsrec4,min_max_cutoff,0.100000,,1209665192,6.048326,1734995366,8.674977,45797298,0.228986,4001543350,20.007717,6992001206,34.960006,10
wiki_ts_200M_uint64,90437011,pgm_hash_eps256_epsrec1,min_max_cutoff,1.000000,,477663821,5.281729,8526021082,94.275795,205814653,2.275779,3743802639,41.396798,12953302195,143.230101,10
wiki_ts_200M_uint64,90437011,pgm_hash_eps64_epsrec1,min_max_cutoff,1.000000,,477663821,5.281729,8526021082,94.275795,238994237,2.642660,5121007061,56.625125,14363686201,158.825309,10
gapped_1percent_200M_uint64,200000000,pgm_hash_eps64_epsrec4,min_max_cutoff,0.100000,,1327217017,6.636085,1730222916,8.651115,47879722,0.239399,7371011304,36.855057,10476330959,52.381655,10
consecutive_200M_uint64,200000000,pgm_hash_eps64_epsrec4,min_max_cutoff,0.100000,,1209665192,6.048326,1734995366,8.674977,58713153,0.293566,6935895775,34.679479,9939269486,49.696347,10
osm_cellids_200M_uint64,200000000,pgm_hash_eps256_epsrec1,min_max_cutoff,0.010000,,155869006,0.779345,139582796,0.697914,7133397,0.035667,11028799239,55.143996,11331384438,56.656922,10
wiki_ts_200M_uint64,90437011,pgm_hash_eps16_epsrec1,min_max_cutoff,1.000000,,477663821,5.281729,8526021082,94.275795,157072962,1.736822,5653180293,62.509588,14813938158,163.803934,10
books_200M_uint32,199999999,pgm_hash_eps4_epsrec0,min_max_cutoff,0.010000,,357030976,1.785155,146855492,0.734277,12733140,0.063666,16522429051,82.612146,17039048659,85.195244,10
gapped_1percent_200M_uint64,200000000,pgm_hash_eps16_epsrec4,min_max_cutoff,0.100000,,1327217017,6.636085,1730222916,8.651115,59561615,0.297808,8208830144,41.044151,11325831692,56.629158,10
consecutive_200M_uint64,200000000,pgm_hash_eps16_epsrec4,min_max_cutoff,0.100000,,1209665192,6.048326,1734995366,8.674977,65500291,0.327501,8384872912,41.924365,11395033761,56.975169,10
osm_cellids_200M_uint64,200000000,pgm_hash_eps64_epsrec1,min_max_cutoff,0.010000,,155869006,0.779345,139582796,0.697914,9319578,0.046598,11445921551,57.229608,11750692931,58.753465,10
wiki_ts_200M_uint64,90437011,pgm_hash_eps4_epsrec1,min_max_cutoff,1.000000,,477663821,5.281729,8526021082,94.275795,326609004,3.611453,7754823219,85.748336,17085117126,188.917313,10
books_200M_uint32,199999999,pgm_hash_eps256_epsrec4,min_max_cutoff,0.100000,,1151926556,5.759633,1777345464,8.886727,42741704,0.213709,7157260883,35.786305,10129274607,50.646373,10
wiki_ts_200M_uint64,90437011,pgm_hash_eps256_epsrec0,min_max_cutoff,1.000000,,477663821,5.281729,8526021082,94.275795,198782237,2.198019,5633290767,62.289661,14835757907,164.045204,10
gapped_1percent_200M_uint64,200000000,pgm_hash_eps4_epsrec4,min_max_cutoff,0.100000,,1327217017,6.636085,1730222916,8.651115,94818361,0.474092,14144197700,70.720988,17296455994,86.482280,10
books_200M_uint32,199999999,pgm_hash_eps64_epsrec4,min_max_cutoff,0.100000,,1151926556,5.759633,1777345464,8.886727,53443620,0.267218,7601788200,38.008941,10584503840,52.922519,10
consecutive_200M_uint64,200000000,pgm_hash_eps4_epsrec4,min_max_cutoff,0.100000,,1209665192,6.048326,1734995366,8.674977,90284069,0.451420,14750548037,73.752740,17785492664,88.927463,10
wiki_ts_200M_uint64,90437011,pgm_hash_eps64_epsrec0,min_max_cutoff,1.000000,,477663821,5.281729,8526021082,94.275795,154574176,1.709192,6367853144,70.412026,15526112223,171.678741,10
osm_cellids_200M_uint64,200000000,pgm_hash_eps16_epsrec1,min_max_cutoff,0.010000,,155869006,0.779345,139582796,0.697914,11269659,0.056348,14673481420,73.367407,14980202881,74.901014,10
gapped_1percent_200M_uint64,200000000,pgm_hash_eps256_epsrec1,min_max_cutoff,0.100000,,1327217017,6.636085,1730222916,8.651115,44706655,0.223533,5724753432,28.623767,8826900020,44.134500,10
consecutive_200M_uint64,200000000,pgm_hash_eps256_epsrec1,min_max_cutoff,0.100000,,1209665192,6.048326,1734995366,8.674977,53162550,0.265813,5702216571,28.511083,8700039679,43.500198,10
wiki_ts_200M_uint64,90437011,pgm_hash_eps16_epsrec0,min_max_cutoff,1.000000,,477663821,5.281729,8526021082,94.275795,169010260,1.868817,7959873405,88.015662,17132568568,189.442004,10
books_200M_uint32,199999999,pgm_hash_eps16_epsrec4,min_max_cutoff,0.100000,,1151926556,5.759633,1777345464,8.886727,63880407,0.319402,11061462303,55.307312,14054614730,70.273074,10
consecutive_200M_uint64,200000000,pgm_hash_eps64_epsrec1,min_max_cutoff,0.100000,,1209665192,6.048326,1734995366,8.674977,47021400,0.235107,5943182203,29.715911,8934864161,44.674321,10
gapped_1percent_200M_uint64,200000000,pgm_hash_eps64_epsrec1,min_max_cutoff,0.100000,,1327217017,6.636085,1730222916,8.651115,47325229,0.236626,8436527251,42.182636,11541292413,57.706462,10
wiki_ts_200M_uint64,90437011,pgm_hash_eps4_epsrec0,min_max_cutoff,1.000000,,477663821,5.281729,8526021082,94.275795,200382348,2.215712,12299764765,136.003663,21503832016,237.776899,10
consecutive_200M_uint64,200000000,pgm_hash_eps16_epsrec1,min_max_cutoff,0.100000,,1209665192,6.048326,1734995366,8.674977,64706071,0.323530,9688008755,48.440044,12697375384,63.486877,10
osm_cellids_200M_uint64,200000000,pgm_hash_eps4_epsrec1,min_max_cutoff,0.010000,,155869006,0.779345,139582796,0.697914,12868458,0.064342,18945949704,94.729749,19254269964,96.271350,10
gapped_1percent_200M_uint64,200000000,pgm_hash_eps16_epsrec1,min_max_cutoff,0.100000,,1327217017,6.636085,1730222916,8.651115,60290553,0.301453,9594898133,47.974491,12712628619,63.563143,10
books_200M_uint32,199999999,pgm_hash_eps4_epsrec4,min_max_cutoff,0.100000,,1151926556,5.759633,1777345464,8.886727,101894549,0.509473,14825164715,74.125824,17856331284,89.281657,10
books_200M_uint32,199999999,pgm_hash_eps256_epsrec1,min_max_cutoff,0.100000,,1151926556,5.759633,1777345464,8.886727,48959390,0.244797,5902743223,29.513716,8880974633,44.404873,10
osm_cellids_200M_uint64,200000000,pgm_hash_eps256_epsrec0,min_max_cutoff,0.010000,,155869006,0.779345,139582796,0.697914,8975118,0.044876,9828650603,49.143253,10133077523,50.665388,10
consecutive_200M_uint64,200000000,pgm_hash_eps4_epsrec1,min_max_cutoff,0.100000,,1209665192,6.048326,1734995366,8.674977,95307253,0.476536,14345875612,71.729378,17385843423,86.929217,10
gapped_1percent_200M_uint64,200000000,pgm_hash_eps4_epsrec1,min_max_cutoff,0.100000,,1327217017,6.636085,1730222916,8.651115,90140570,0.450703,14553982160,72.769911,17701562663,88.507813,10
books_200M_uint32,199999999,pgm_hash_eps64_epsrec1,min_max_cutoff,0.100000,,1151926556,5.759633,1777345464,8.886727,49905836,0.249529,8759378669,43.796894,11738556525,58.692783,10
consecutive_200M_uint64,200000000,pgm_hash_eps256_epsrec0,min_max_cutoff,0.100000,,1209665192,6.048326,1734995366,8.674977,47182810,0.235914,7204814202,36.024071,10196657570,50.983288,10
osm_cellids_200M_uint64,200000000,pgm_hash_eps64_epsrec0,min_max_cutoff,0.010000,,155869006,0.779345,139582796,0.697914,8789103,0.043946,11371819662,56.859098,11676060567,58.380303,10
gapped_1percent_200M_uint64,200000000,pgm_hash_eps256_epsrec0,min_max_cutoff,0.100000,,1327217017,6.636085,1730222916,8.651115,48576952,0.242885,7166564140,35.832821,10272581025,51.362905,10
books_200M_uint32,199999999,pgm_hash_eps16_epsrec1,min_max_cutoff,0.100000,,1151926556,5.759633,1777345464,8.886727,66437396,0.332187,11576947431,57.884737,14572656847,72.863285,10
consecutive_200M_uint64,200000000,pgm_hash_eps64_epsrec0,min_max_cutoff,0.100000,,1209665192,6.048326,1734995366,8.674977,54566736,0.272834,10501598697,52.507993,13500825991,67.504130,10
gapped_1percent_200M_uint64,200000000,pgm_hash_eps64_epsrec0,min_max_cutoff,0.100000,,1327217017,6.636085,1730222916,8.651115,51274485,0.256372,10462119314,52.310597,13570833732,67.854169,10
osm_cellids_200M_uint64,200000000,pgm_hash_eps16_epsrec0,min_max_cutoff,0.010000,,155869006,0.779345,139582796,0.697914,8481407,0.042407,14388140984,71.940705,14692074193,73.460371,10
books_200M_uint32,199999999,pgm_hash_eps4_epsrec1,min_max_cutoff,0.100000,,1151926556,5.759633,1777345464,8.886727,100012994,0.500065,16885561885,84.427810,19914846899,99.574235,10
consecutive_200M_uint64,200000000,pgm_hash_eps16_epsrec0,min_max_cutoff,0.100000,,1209665192,6.048326,1734995366,8.674977,61125609,0.305628,16005208744,80.026044,19010994911,95.054975,10
gapped_1percent_200M_uint64,200000000,pgm_hash_eps16_epsrec0,min_max_cutoff,0.100000,,1327217017,6.636085,1730222916,8.651115,62336285,0.311681,16022069383,80.110347,19141845601,95.709228,10
osm_cellids_200M_uint64,200000000,pgm_hash_eps4_epsrec0,min_max_cutoff,0.010000,,155869006,0.779345,139582796,0.697914,12173224,0.060866,17599536341,87.997682,17907161367,89.535807,10
books_200M_uint32,199999999,pgm_hash_eps256_epsrec0,min_max_cutoff,0.100000,,1151926556,5.759633,1777345464,8.886727,53159482,0.265797,8003423287,40.017117,10985854789,54.929274,10
osm_cellids_200M_uint64,200000000,pgm_hash_eps256_epsrec4,min_max_cutoff,0.100000,,1526192572,7.630963,1680515764,8.402579,71152187,0.355761,10990888910,54.954445,14268749433,71.343747,10
books_200M_uint32,199999999,pgm_hash_eps64_epsrec0,min_max_cutoff,0.100000,,1151926556,5.759633,1777345464,8.886727,55659751,0.278299,11113204885,55.566025,14098136656,70.490684,10
consecutive_200M_uint64,200000000,pgm_hash_eps4_epsrec0,min_max_cutoff,0.100000,,1209665192,6.048326,1734995366,8.674977,86351858,0.431759,27190128971,135.950645,30221141387,151.105707,10
gapped_1percent_200M_uint64,200000000,pgm_hash_eps4_epsrec0,min_max_cutoff,0.100000,,1327217017,6.636085,1730222916,8.651115,90803660,0.454018,26709228195,133.546141,29857471788,149.287359,10
osm_cellids_200M_uint64,200000000,pgm_hash_eps64_epsrec4,min_max_cutoff,0.100000,,1526192572,7.630963,1680515764,8.402579,77245819,0.386229,14496466121,72.482331,17780420276,88.902101,10
consecutive_200M_uint64,200000000,pgm_hash_eps256_epsrec4,min_max_cutoff,1.000000,,1075844374,5.379222,19521359077,97.606795,940577271,4.702886,3759675325,18.798377,25297456047,126.487280,10
gapped_1percent_200M_uint64,200000000,pgm_hash_eps256_epsrec4,min_max_cutoff,1.000000,,1067215092,5.336075,19721953217,98.609766,379227912,1.896140,3750843914,18.754220,24919240135,124.596201,10
books_200M_uint32,199999999,pgm_hash_eps16_epsrec0,min_max_cutoff,0.100000,,1151926556,5.759633,1777345464,8.886727,65440288,0.327201,16965317634,84.826589,19960029942,99.800150,10
consecutive_200M_uint64,200000000,pgm_hash_eps64_epsrec4,min_max_cutoff,1.000000,,1075844374,5.379222,19521359077,97.606795,544956349,2.724782,3722955358,18.614777,24865115158,124.325576,10
gapped_1percent_200M_uint64,200000000,pgm_hash_eps64_epsrec4,min_max_cutoff,1.000000,,1067215092,5.336075,19721953217,98.609766,299903732,1.499519,4423666443,22.118332,25512738484,127.563692,10
consecutive_200M_uint64,200000000,pgm_hash_eps16_epsrec4,min_max_cutoff,1.000000,,1075844374,5.379222,19521359077,97.606795,499060637,2.495303,3969600389,19.848002,25065864477,125.329322,10
consecutive_200M_uint64,200000000,pgm_hash_eps4_epsrec4,min_max_cutoff,1.000000,,1075844374,5.379222,19521359077,97.606795,482846599,2.414233,3707117646,18.535588,24787167696,123.935838,10
gapped_1percent_200M_uint64,200000000,pgm_hash_eps16_epsrec4,min_max_cutoff,1.000000,,1067215092,5.336075,19721953217,98.609766,239268214,1.196341,7578319452,37.891597,28606755975,143.033780,10
consecutive_200M_uint64,200000000,pgm_hash_eps256_epsrec1,min_max_cutoff,1.000000,,1075844374,5.379222,19521359077,97.606795,495896880,2.479484,3146094917,15.730475,24239195248,121.195976,10
osm_cellids_200M_uint64,200000000,pgm_hash_eps16_epsrec4,min_max_cutoff,0.100000,,1526192572,7.630963,1680515764,8.402579,88494320,0.442472,17719338860,88.596694,21014541516,105.072708,10
consecutive_200M_uint64,200000000,pgm_hash_eps64_epsrec1,min_max_cutoff,1.000000,,1075844374,5.379222,19521359077,97.606795,494552915,2.472765,3043820794,15.219104,24135577160,120.677886,10
consecutive_200M_uint64,200000000,pgm_hash_eps16_epsrec1,min_max_cutoff,1.000000,,1075844374,5.379222,19521359077,97.606795,583209576,2.916048,3273167914,16.365840,24453580941,122.267905,10
gapped_1percent_200M_uint64,200000000,pgm_hash_eps4_epsrec4,min_max_cutoff,1.000000,,1067215092,5.336075,19721953217,98.609766,369756565,1.848783,8692393744,43.461969,29851318618,149.256593,10
consecutive_200M_uint64,200000000,pgm_hash_eps4_epsrec1,min_max_cutoff,1.000000,,1075844374,5.379222,19521359077,97.606795,504865325,2.524327,3029631964,15.148160,24131700740,120.658504,10
gapped_1percent_200M_uint64,200000000,pgm_hash_eps256_epsrec1,min_max_cutoff,1.000000,,1067215092,5.336075,19721953217,98.609766,222886146,1.114431,3108415604,15.542078,24120470059,120.602350,10
consecutive_200M_uint64,200000000,pgm_hash_eps256_epsrec0,min_max_cutoff,1.000000,,1075844374,5.379222,19521359077,97.606795,635796428,3.178982,5018784184,25.093921,26251784063,131.258920,10
gapped_1percent_200M_uint64,200000000,pgm_hash_eps64_epsrec1,min_max_cutoff,1.000000,,1067215092,5.336075,19721953217,98.609766,278902571,1.394513,5672461416,28.362307,26740532296,133.702661,10
books_200M_uint32,199999999,pgm_hash_eps4_epsrec0,min_max_cutoff,0.100000,,1151926556,5.759633,1777345464,8.886727,92753721,0.463769,29177060389,145.885303,32199086130,160.995431,10
consecutive_200M_uint64,200000000,pgm_hash_eps64_epsrec0,min_max_cutoff,1.000000,,1075844374,5.379222,19521359077,97.606795,490404079,2.452020,4610085733,23.050429,25697693263,128.488466,10
osm_cellids_200M_uint64,200000000,pgm_hash_eps4_epsrec4,min_max_cutoff,0.100000,,1526192572,7.630963,1680515764,8.402579,113054356,0.565272,20535809998,102.679050,23855572690,119.277863,10
gapped_1percent_200M_uint64,200000000,pgm_hash_eps16_epsrec1,min_max_cutoff,1.000000,,1067215092,5.336075,19721953217,98.609766,242848326,1.214242,8713376747,43.566884,29745393382,148.726967,10
consecutive_200M_uint64,200000000,pgm_hash_eps16_epsrec0,min_max_cutoff,1.000000,,1075844374,5.379222,19521359077,97.606795,841635341,4.208177,5050407034,25.252035,26489245826,132.446229,10
books_200M_uint32,199999999,pgm_hash_eps256_epsrec4,min_max_cutoff,1.000000,,1071464528,5.357323,19562042367,97.810212,459750055,2.298750,7650302045,38.251510,28743558995,143.717796,10
consecutive_200M_uint64,200000000,pgm_hash_eps4_epsrec0,min_max_cutoff,1.000000,,1075844374,5.379222,19521359077,97.606795,818505627,4.092528,4723421112,23.617106,26139130190,130.695651,10
gapped_1percent_200M_uint64,200000000,pgm_hash_eps4_epsrec1,min_max_cutoff,1.000000,,1067215092,5.336075,19721953217,98.609766,540983416,2.704917,11753907672,58.769538,33084059397,165.420297,10
osm_cellids_200M_uint64,200000000,pgm_hash_eps256_epsrec1,min_max_cutoff,0.100000,,1526192572,7.630963,1680515764,8.402579,72017593,0.360088,14207470347,71.037352,17486196276,87.430981,10
books_200M_uint32,199999999,pgm_hash_eps64_epsrec4,min_max_cutoff,1.000000,,1071464528,5.357323,19562042367,97.810212,580194926,2.900975,11800588873,59.002945,33014290694,165.071454,10
gapped_1percent_200M_uint64,200000000,pgm_hash_eps256_epsrec0,min_max_cutoff,1.000000,,1067215092,5.336075,19721953217,98.609766,423910127,2.119551,4916018660,24.580093,26129097096,130.645485,10
gapped_1percent_200M_uint64,200000000,pgm_hash_eps64_epsrec0,min_max_cutoff,1.000000,,1067215092,5.336075,19721953217,98.609766,252047076,1.260235,6928651830,34.643259,27969867215,139.849336,10
osm_cellids_200M_uint64,200000000,pgm_hash_eps64_epsrec1,min_max_cutoff,0.100000,,1526192572,7.630963,1680515764,8.402579,80268508,0.401343,15001395963,75.006980,18288372807,91.441864,10
books_200M_uint32,199999999,pgm_hash_eps16_epsrec4,min_max_cutoff,1.000000,,1071464528,5.357323,19562042367,97.810212,580462925,2.902315,15419514044,77.097571,36633483864,183.167420,10
gapped_1percent_200M_uint64,200000000,pgm_hash_eps16_epsrec0,min_max_cutoff,1.000000,,1067215092,5.336075,19721953217,98.609766,227208501,1.136043,11528172490,57.640862,32544549300,162.722747,10
osm_cellids_200M_uint64,200000000,pgm_hash_eps16_epsrec1,min_max_cutoff,0.100000,,1526192572,7.630963,1680515764,8.402579,56247329,0.281237,20823093201,104.115466,24086048866,120.430244,10
gapped_1percent_200M_uint64,200000000,pgm_hash_eps4_epsrec0,min_max_cutoff,1.000000,,1067215092,5.336075,19721953217,98.609766,361678187,1.808391,16403025461,82.015127,37553871957,187.769360,10
books_200M_uint32,199999999,pgm_hash_eps4_epsrec4,min_max_cutoff,1.000000,,1071464528,5.357323,19562042367,97.810212,723561717,3.617809,23104778058,115.523891,44461846670,222.309234,10
books_200M_uint32,199999999,pgm_hash_eps256_epsrec1,min_max_cutoff,1.000000,,1071464528,5.357323,19562042367,97.810212,271251243,1.356256,10619665290,53.098327,31524423428,157.622118,10
osm_cellids_200M_uint64,200000000,pgm_hash_eps4_epsrec1,min_max_cutoff,0.100000,,1526192572,7.630963,1680515764,8.402579,81689839,0.408449,27214391235,136.071956,30502789410,152.513947,10
books_200M_uint32,199999999,pgm_hash_eps64_epsrec1,min_max_cutoff,1.000000,,1071464528,5.357323,19562042367,97.810212,323379576,1.616898,12395830714,61.979154,33352717185,166.763587,10
osm_cellids_200M_uint64,200000000,pgm_hash_eps256_epsrec0,min_max_cutoff,0.100000,,1526192572,7.630963,1680515764,8.402579,74308288,0.371541,13616345075,68.081725,16897361699,84.486808,10
books_200M_uint32,199999999,pgm_hash_eps16_epsrec1,min_max_cutoff,1.000000,,1071464528,5.357323,19562042367,97.810212,515409595,2.577048,17987839695,89.939199,39136756185,195.683782,10
osm_cellids_200M_uint64,200000000,pgm_hash_eps64_epsrec0,min_max_cutoff,0.100000,,1526192572,7.630963,1680515764,8.402579,47139081,0.235695,16073571346,80.367857,19327418763,96.637094,10
books_200M_uint32,199999999,pgm_hash_eps4_epsrec1,min_max_cutoff,1.000000,,1071464528,5.357323,19562042367,97.810212,732950217,3.664751,30110583642,150.552919,51477040754,257.385205,10
osm_cellids_200M_uint64,200000000,pgm_hash_eps16_epsrec0,min_max_cutoff,0.100000,,1526192572,7.630963,1680515764,8.402579,89462932,0.447315,23239944682,116.199723,26536115950,132.680580,10
books_200M_uint32,199999999,pgm_hash_eps256_epsrec0,min_max_cutoff,1.000000,,1071464528,5.357323,19562042367,97.810212,252875312,1.264377,11815182548,59.075913,32701564755,163.507825,10
books_200M_uint32,199999999,pgm_hash_eps64_epsrec0,min_max_cutoff,1.000000,,1071464528,5.357323,19562042367,97.810212,361356884,1.806784,17265069394,86.325347,38259933173,191.299667,10
osm_cellids_200M_uint64,200000000,pgm_hash_eps4_epsrec0,min_max_cutoff,0.100000,,1526192572,7.630963,1680515764,8.402579,86373814,0.431869,32188399209,160.941996,35481481359,177.407407,10
osm_cellids_200M_uint64,200000000,pgm_hash_eps256_epsrec4,min_max_cutoff,1.000000,,1322980983,6.614905,19041873312,95.209367,460986952,2.304935,16220980133,81.104901,37046821380,185.234107,10
books_200M_uint32,199999999,pgm_hash_eps16_epsrec0,min_max_cutoff,1.000000,,1071464528,5.357323,19562042367,97.810212,541527783,2.707639,33287341463,166.436708,54462376141,272.311882,10
osm_cellids_200M_uint64,200000000,pgm_hash_eps64_epsrec4,min_max_cutoff,1.000000,,1322980983,6.614905,19041873312,95.209367,499538618,2.497693,20243600994,101.218005,41107993907,205.539970,10
osm_cellids_200M_uint64,200000000,pgm_hash_eps16_epsrec4,min_max_cutoff,1.000000,,1322980983,6.614905,19041873312,95.209367,590831268,2.954156,37156179418,185.780897,58111864981,290.559325,10
books_200M_uint32,199999999,pgm_hash_eps4_epsrec0,min_max_cutoff,1.000000,,1071464528,5.357323,19562042367,97.810212,761016045,3.805080,62597984613,312.989925,83992507553,419.962540,10
osm_cellids_200M_uint64,200000000,pgm_hash_eps4_epsrec4,min_max_cutoff,1.000000,,1322980983,6.614905,19041873312,95.209367,794714141,3.973571,42420383943,212.101920,63579952379,317.899762,10
osm_cellids_200M_uint64,200000000,pgm_hash_eps256_epsrec1,min_max_cutoff,1.000000,,1322980983,6.614905,19041873312,95.209367,469314522,2.346573,19864396369,99.321982,40698565186,203.492826,10
osm_cellids_200M_uint64,200000000,pgm_hash_eps64_epsrec1,min_max_cutoff,1.000000,,1322980983,6.614905,19041873312,95.209367,480191853,2.400959,22229835040,111.149175,43074881188,215.374406,10
osm_cellids_200M_uint64,200000000,pgm_hash_eps16_epsrec1,min_max_cutoff,1.000000,,1322980983,6.614905,19041873312,95.209367,538107880,2.690539,32658664254,163.293321,53561626429,267.808132,10
osm_cellids_200M_uint64,200000000,pgm_hash_eps4_epsrec1,min_max_cutoff,1.000000,,1322980983,6.614905,19041873312,95.209367,919182108,4.595911,48479864856,242.399324,69763901259,348.819506,10
osm_cellids_200M_uint64,200000000,pgm_hash_eps256_epsrec0,min_max_cutoff,1.000000,,1322980983,6.614905,19041873312,95.209367,477868424,2.389342,18835422519,94.177113,39678145238,198.390726,10
osm_cellids_200M_uint64,200000000,pgm_hash_eps64_epsrec0,min_max_cutoff,1.000000,,1322980983,6.614905,19041873312,95.209367,439046141,2.195231,26568242020,132.841210,47372142456,236.860712,10
osm_cellids_200M_uint64,200000000,pgm_hash_eps16_epsrec0,min_max_cutoff,1.000000,,1322980983,6.614905,19041873312,95.209367,517215637,2.586078,38294962367,191.474812,59177032299,295.885161,10
osm_cellids_200M_uint64,200000000,pgm_hash_eps4_epsrec0,min_max_cutoff,1.000000,,1322980983,6.614905,19041873312,95.209367,774073717,3.870369,63272553962,316.362770,84411481974,422.057410,10
