dataset,numelements,hash,reducer,nanoseconds_total,nanoseconds_per_key,benchmark_repeat_cnt
books_200M_uint32,199999999,mult64,do_nothing,390915672,1.954578,5
books_200M_uint32,199999999,mult64,fastrange32,179151617,0.895758,5
books_200M_uint32,199999999,mult64,fastrange64,414087550,2.070438,5
books_200M_uint32,199999999,mult64,modulo,1763777096,8.818886,5
books_200M_uint32,199999999,mult64,fast_modulo,264215153,1.321076,5
books_200M_uint32,199999999,mult64,branchless_fast_modulo,310091330,1.550457,5
books_200M_uint32,199999999,fibo64,do_nothing,401501844,2.007509,5
books_200M_uint32,199999999,fibo64,fastrange32,176076923,0.880385,5
books_200M_uint32,199999999,fibo64,fastrange64,424628199,2.123141,5
books_200M_uint32,199999999,fibo64,modulo,1743208777,8.716044,5
books_200M_uint32,199999999,fibo64,fast_modulo,319434814,1.597174,5
books_200M_uint32,199999999,fibo64,branchless_fast_modulo,308788138,1.543941,5
books_200M_uint32,199999999,fibo_prime64,do_nothing,401331771,2.006659,5
books_200M_uint32,199999999,fibo_prime64,fastrange32,177701498,0.888507,5
books_200M_uint32,199999999,fibo_prime64,fastrange64,433328145,2.166641,5
books_200M_uint32,199999999,fibo_prime64,modulo,1810056299,9.050282,5
books_200M_uint32,199999999,fibo_prime64,fast_modulo,267261908,1.336310,5
books_200M_uint32,199999999,fibo_prime64,branchless_fast_modulo,318252885,1.591264,5
books_200M_uint32,199999999,multadd64,do_nothing,487012467,2.435062,5
books_200M_uint32,199999999,multadd64,fastrange32,253825271,1.269126,5
books_200M_uint32,199999999,multadd64,fastrange64,532057257,2.660286,5
books_200M_uint32,199999999,multadd64,modulo,2038813192,10.194066,5
books_200M_uint32,199999999,multadd64,fast_modulo,354075781,1.770379,5
books_200M_uint32,199999999,multadd64,branchless_fast_modulo,401323979,2.006620,5
books_200M_uint32,199999999,mult64_shift60,do_nothing,460463008,2.302315,5
books_200M_uint32,199999999,mult64_shift60,fastrange32,295713661,1.478568,5
books_200M_uint32,199999999,mult64_shift60,fastrange64,507762341,2.538812,5
books_200M_uint32,199999999,mult64_shift60,modulo,1784574538,8.922873,5
books_200M_uint32,199999999,mult64_shift60,fast_modulo,343313997,1.716570,5
books_200M_uint32,199999999,mult64_shift60,branchless_fast_modulo,346759405,1.733797,5
books_200M_uint32,199999999,fibo64_shift60,do_nothing,444765566,2.223828,5
books_200M_uint32,199999999,fibo64_shift60,fastrange32,218306712,1.091534,5
books_200M_uint32,199999999,fibo64_shift60,fastrange64,489595105,2.447976,5
books_200M_uint32,199999999,fibo64_shift60,modulo,1775900159,8.879501,5
books_200M_uint32,199999999,fibo64_shift60,fast_modulo,345223243,1.726116,5
books_200M_uint32,199999999,fibo64_shift60,branchless_fast_modulo,345595629,1.727978,5
books_200M_uint32,199999999,fibo_prime64_shift60,do_nothing,443789292,2.218946,5
books_200M_uint32,199999999,fibo_prime64_shift60,fastrange32,220104009,1.100520,5
books_200M_uint32,199999999,fibo_prime64_shift60,fastrange64,486055679,2.430278,5
books_200M_uint32,199999999,fibo_prime64_shift60,modulo,1778016755,8.890084,5
books_200M_uint32,199999999,fibo_prime64_shift60,fast_modulo,342363067,1.711815,5
books_200M_uint32,199999999,fibo_prime64_shift60,branchless_fast_modulo,348840326,1.744202,5
books_200M_uint32,199999999,multadd64_shift60,do_nothing,596419730,2.982099,5
books_200M_uint32,199999999,multadd64_shift60,fastrange32,465516335,2.327582,5
books_200M_uint32,199999999,multadd64_shift60,fastrange64,653712075,3.268560,5
books_200M_uint32,199999999,multadd64_shift60,modulo,2238217071,11.191085,5
books_200M_uint32,199999999,multadd64_shift60,fast_modulo,569874594,2.849373,5
books_200M_uint32,199999999,multadd64_shift60,branchless_fast_modulo,589725420,2.948627,5
books_200M_uint32,199999999,mult64_rotate4,do_nothing,397250182,1.986251,5
books_200M_uint32,199999999,mult64_rotate4,fastrange32,235477549,1.177388,5
books_200M_uint32,199999999,mult64_rotate4,fastrange64,407046045,2.035230,5
books_200M_uint32,199999999,mult64_rotate4,modulo,1779123988,8.895620,5
books_200M_uint32,199999999,mult64_rotate4,fast_modulo,372024452,1.860122,5
books_200M_uint32,199999999,mult64_rotate4,branchless_fast_modulo,361992169,1.809961,5
books_200M_uint32,199999999,fibo64_rotate4,do_nothing,397253811,1.986269,5
books_200M_uint32,199999999,fibo64_rotate4,fastrange32,236447546,1.182238,5
books_200M_uint32,199999999,fibo64_rotate4,fastrange64,408341542,2.041708,5
books_200M_uint32,199999999,fibo64_rotate4,modulo,1788017302,8.940087,5
books_200M_uint32,199999999,fibo64_rotate4,fast_modulo,363465222,1.817326,5
books_200M_uint32,199999999,fibo64_rotate4,branchless_fast_modulo,360558926,1.802795,5
books_200M_uint32,199999999,fibo_prime64_rotate4,do_nothing,396507537,1.982538,5
books_200M_uint32,199999999,fibo_prime64_rotate4,fastrange32,233595595,1.167978,5
books_200M_uint32,199999999,fibo_prime64_rotate4,fastrange64,407221927,2.036110,5
books_200M_uint32,199999999,fibo_prime64_rotate4,modulo,1777936800,8.889684,5
books_200M_uint32,199999999,fibo_prime64_rotate4,fast_modulo,364639418,1.823197,5
books_200M_uint32,199999999,fibo_prime64_rotate4,branchless_fast_modulo,366215616,1.831078,5
books_200M_uint32,199999999,multadd64_rotate4,do_nothing,511253199,2.556266,5
books_200M_uint32,199999999,multadd64_rotate4,fastrange32,340912370,1.704562,5
books_200M_uint32,199999999,multadd64_rotate4,fastrange64,558854733,2.794274,5
books_200M_uint32,199999999,multadd64_rotate4,modulo,2036979648,10.184898,5
books_200M_uint32,199999999,multadd64_rotate4,fast_modulo,478332911,2.391665,5
books_200M_uint32,199999999,multadd64_rotate4,branchless_fast_modulo,470637919,2.353190,5
books_200M_uint32,199999999,murmur3_128_low,do_nothing,821920536,4.109603,5
books_200M_uint32,199999999,murmur3_128_low,fastrange32,724040575,3.620203,5
books_200M_uint32,199999999,murmur3_128_low,fastrange64,882674521,4.413373,5
books_200M_uint32,199999999,murmur3_128_low,modulo,2562322737,12.811614,5
books_200M_uint32,199999999,murmur3_128_low,fast_modulo,915397680,4.576988,5
books_200M_uint32,199999999,murmur3_128_low,branchless_fast_modulo,943272620,4.716363,5
books_200M_uint32,199999999,murmur3_128_upp,do_nothing,821614054,4.108070,5
books_200M_uint32,199999999,murmur3_128_upp,fastrange32,717800918,3.589005,5
books_200M_uint32,199999999,murmur3_128_upp,fastrange64,883624881,4.418124,5
books_200M_uint32,199999999,murmur3_128_upp,modulo,2583495554,12.917478,5
books_200M_uint32,199999999,murmur3_128_upp,fast_modulo,879372465,4.396862,5
books_200M_uint32,199999999,murmur3_128_upp,branchless_fast_modulo,971609168,4.858046,5
books_200M_uint32,199999999,murmur3_128_xor,do_nothing,904094829,4.520474,5
books_200M_uint32,199999999,murmur3_128_xor,fastrange32,794263390,3.971317,5
books_200M_uint32,199999999,murmur3_128_xor,fastrange64,960289624,4.801448,5
books_200M_uint32,199999999,murmur3_128_xor,modulo,2584169631,12.920848,5
books_200M_uint32,199999999,murmur3_128_xor,fast_modulo,943422653,4.717113,5
books_200M_uint32,199999999,murmur3_128_xor,branchless_fast_modulo,1004341453,5.021707,5
books_200M_uint32,199999999,murmur3_128_city,do_nothing,1099247307,5.496237,5
books_200M_uint32,199999999,murmur3_128_city,fastrange32,1068346746,5.341734,5
books_200M_uint32,199999999,murmur3_128_city,fastrange64,1200697208,6.003486,5
books_200M_uint32,199999999,murmur3_128_city,modulo,2632034550,13.160173,5
books_200M_uint32,199999999,murmur3_128_city,fast_modulo,1215917343,6.079587,5
books_200M_uint32,199999999,murmur3_128_city,branchless_fast_modulo,1300577844,6.502889,5
books_200M_uint32,199999999,murmur3_fin64,do_nothing,463734900,2.318675,5
books_200M_uint32,199999999,murmur3_fin64,fastrange32,293762286,1.468811,5
books_200M_uint32,199999999,murmur3_fin64,fastrange64,514059144,2.570296,5
books_200M_uint32,199999999,murmur3_fin64,modulo,1967948227,9.839741,5
books_200M_uint32,199999999,murmur3_fin64,fast_modulo,476719960,2.383600,5
books_200M_uint32,199999999,murmur3_fin64,branchless_fast_modulo,472847673,2.364238,5
books_200M_uint32,199999999,xxh64,do_nothing,585205923,2.926030,5
books_200M_uint32,199999999,xxh64,fastrange32,510184586,2.550923,5
books_200M_uint32,199999999,xxh64,fastrange64,654521713,3.272609,5
books_200M_uint32,199999999,xxh64,modulo,2003547317,10.017737,5
books_200M_uint32,199999999,xxh64,fast_modulo,646164105,3.230821,5
books_200M_uint32,199999999,xxh64,branchless_fast_modulo,719781319,3.598907,5
books_200M_uint32,199999999,xxh3,do_nothing,512815802,2.564079,5
books_200M_uint32,199999999,xxh3,fastrange32,406220700,2.031104,5
books_200M_uint32,199999999,xxh3,fastrange64,549261647,2.746308,5
books_200M_uint32,199999999,xxh3,modulo,1900473302,9.502367,5
books_200M_uint32,199999999,xxh3,fast_modulo,557883964,2.789420,5
books_200M_uint32,199999999,xxh3,branchless_fast_modulo,603043096,3.015215,5
books_200M_uint32,199999999,xxh3_128_low,do_nothing,528692034,2.643460,5
books_200M_uint32,199999999,xxh3_128_low,fastrange32,392884827,1.964424,5
books_200M_uint32,199999999,xxh3_128_low,fastrange64,569042508,2.845213,5
books_200M_uint32,199999999,xxh3_128_low,modulo,2202247242,11.011236,5
books_200M_uint32,199999999,xxh3_128_low,fast_modulo,487953712,2.439769,5
books_200M_uint32,199999999,xxh3_128_low,branchless_fast_modulo,553741811,2.768709,5
books_200M_uint32,199999999,xxh3_128_upp,do_nothing,492727240,2.463636,5
books_200M_uint32,199999999,xxh3_128_upp,fastrange32,322072412,1.610362,5
books_200M_uint32,199999999,xxh3_128_upp,fastrange64,549953038,2.749765,5
books_200M_uint32,199999999,xxh3_128_upp,modulo,2129452441,10.647262,5
books_200M_uint32,199999999,xxh3_128_upp,fast_modulo,470089855,2.350449,5
books_200M_uint32,199999999,xxh3_128_upp,branchless_fast_modulo,499252306,2.496262,5
books_200M_uint32,199999999,xxh3_128_xor,do_nothing,625133543,3.125668,5
books_200M_uint32,199999999,xxh3_128_xor,fastrange32,517242690,2.586213,5
books_200M_uint32,199999999,xxh3_128_xor,fastrange64,688342914,3.441715,5
books_200M_uint32,199999999,xxh3_128_xor,modulo,2432593696,12.162969,5
books_200M_uint32,199999999,xxh3_128_xor,fast_modulo,633240009,3.166200,5
books_200M_uint32,199999999,xxh3_128_xor,branchless_fast_modulo,681739132,3.408696,5
books_200M_uint32,199999999,xxh3_128_city,do_nothing,800371186,4.001856,5
books_200M_uint32,199999999,xxh3_128_city,fastrange32,741309401,3.706547,5
books_200M_uint32,199999999,xxh3_128_city,fastrange64,876497671,4.382488,5
books_200M_uint32,199999999,xxh3_128_city,modulo,2342249257,11.711246,5
books_200M_uint32,199999999,xxh3_128_city,fast_modulo,878029339,4.390147,5
books_200M_uint32,199999999,xxh3_128_city,branchless_fast_modulo,970166157,4.850831,5
books_200M_uint32,199999999,tabulation_small64,do_nothing,650881993,3.254410,5
books_200M_uint32,199999999,tabulation_small64,fastrange32,536823441,2.684117,5
books_200M_uint32,199999999,tabulation_small64,fastrange64,679877448,3.399387,5
books_200M_uint32,199999999,tabulation_small64,modulo,2047006145,10.235031,5
books_200M_uint32,199999999,tabulation_small64,fast_modulo,657883467,3.289417,5
books_200M_uint32,199999999,tabulation_small64,branchless_fast_modulo,683279907,3.416400,5
books_200M_uint32,199999999,tabulation_large64,do_nothing,665085426,3.325427,5
books_200M_uint32,199999999,tabulation_large64,fastrange32,532639663,2.663198,5
books_200M_uint32,199999999,tabulation_large64,fastrange64,711456236,3.557281,5
books_200M_uint32,199999999,tabulation_large64,modulo,2180150814,10.900754,5
books_200M_uint32,199999999,tabulation_large64,fast_modulo,634991175,3.174956,5
books_200M_uint32,199999999,tabulation_large64,branchless_fast_modulo,686160480,3.430802,5
books_200M_uint32,199999999,city64,do_nothing,585776957,2.928885,5
books_200M_uint32,199999999,city64,fastrange32,527484610,2.637423,5
books_200M_uint32,199999999,city64,fastrange64,662886532,3.314433,5
books_200M_uint32,199999999,city64,modulo,1999455281,9.997276,5
books_200M_uint32,199999999,city64,fast_modulo,659040442,3.295202,5
books_200M_uint32,199999999,city64,branchless_fast_modulo,737346362,3.686732,5
books_200M_uint32,199999999,city128_low,do_nothing,1380683509,6.903418,5
books_200M_uint32,199999999,city128_low,fastrange32,1267282195,6.336411,5
books_200M_uint32,199999999,city128_low,fastrange64,1248428904,6.242145,5
books_200M_uint32,199999999,city128_low,modulo,2623065092,13.115326,5
books_200M_uint32,199999999,city128_low,fast_modulo,1184340183,5.921701,5
books_200M_uint32,199999999,city128_low,branchless_fast_modulo,1285660232,6.428301,5
books_200M_uint32,199999999,city128_upp,do_nothing,1403687025,7.018435,5
books_200M_uint32,199999999,city128_upp,fastrange32,1336243529,6.681218,5
books_200M_uint32,199999999,city128_upp,fastrange64,1507413307,7.537067,5
books_200M_uint32,199999999,city128_upp,modulo,2960258796,14.801294,5
books_200M_uint32,199999999,city128_upp,fast_modulo,1470101111,7.350506,5
books_200M_uint32,199999999,city128_upp,branchless_fast_modulo,1581386954,7.906935,5
books_200M_uint32,199999999,city128_xor,do_nothing,1453452984,7.267265,5
books_200M_uint32,199999999,city128_xor,fastrange32,1382404287,6.912021,5
books_200M_uint32,199999999,city128_xor,fastrange64,1552412010,7.762060,5
books_200M_uint32,199999999,city128_xor,modulo,3021895519,15.109478,5
books_200M_uint32,199999999,city128_xor,fast_modulo,1497098379,7.485492,5
books_200M_uint32,199999999,city128_xor,branchless_fast_modulo,1610447391,8.052237,5
books_200M_uint32,199999999,city128_city,do_nothing,1780748065,8.903740,5
books_200M_uint32,199999999,city128_city,fastrange32,1703619299,8.518097,5
books_200M_uint32,199999999,city128_city,fastrange64,1874617626,9.373088,5
books_200M_uint32,199999999,city128_city,modulo,3382191626,16.910958,5
books_200M_uint32,199999999,city128_city,fast_modulo,1853706964,9.268535,5
books_200M_uint32,199999999,city128_city,branchless_fast_modulo,2023927589,10.119638,5
books_200M_uint32,199999999,aqua_low,do_nothing,403933183,2.019666,5
books_200M_uint32,199999999,aqua_low,fastrange32,290191841,1.450959,5
books_200M_uint32,199999999,aqua_low,fastrange64,438807682,2.194038,5
books_200M_uint32,199999999,aqua_low,modulo,1766464808,8.832324,5
books_200M_uint32,199999999,aqua_low,fast_modulo,395517152,1.977586,5
books_200M_uint32,199999999,aqua_low,branchless_fast_modulo,418095627,2.090478,5
books_200M_uint32,199999999,aqua_upp,do_nothing,406938803,2.034694,5
books_200M_uint32,199999999,aqua_upp,fastrange32,298495619,1.492478,5
books_200M_uint32,199999999,aqua_upp,fastrange64,464689570,2.323448,5
books_200M_uint32,199999999,aqua_upp,modulo,1895964016,9.479820,5
books_200M_uint32,199999999,aqua_upp,fast_modulo,397169671,1.985848,5
books_200M_uint32,199999999,aqua_upp,branchless_fast_modulo,451728777,2.258644,5
books_200M_uint64,200000000,mult64,do_nothing,373516264,1.867581,5
books_200M_uint64,200000000,mult64,fastrange32,178920392,0.894602,5
books_200M_uint64,200000000,mult64,fastrange64,413720935,2.068605,5
books_200M_uint64,200000000,mult64,modulo,1765387316,8.826937,5
books_200M_uint64,200000000,mult64,fast_modulo,261027140,1.305136,5
books_200M_uint64,200000000,mult64,branchless_fast_modulo,309849153,1.549246,5
books_200M_uint64,200000000,fibo64,do_nothing,404979844,2.024899,5
books_200M_uint64,200000000,fibo64,fastrange32,177652308,0.888262,5
books_200M_uint64,200000000,fibo64,fastrange64,424746632,2.123733,5
books_200M_uint64,200000000,fibo64,modulo,1746434257,8.732171,5
books_200M_uint64,200000000,fibo64,fast_modulo,319288714,1.596444,5
books_200M_uint64,200000000,fibo64,branchless_fast_modulo,310056124,1.550281,5
books_200M_uint64,200000000,fibo_prime64,do_nothing,402931969,2.014660,5
books_200M_uint64,200000000,fibo_prime64,fastrange32,178297045,0.891485,5
books_200M_uint64,200000000,fibo_prime64,fastrange64,433532446,2.167662,5
books_200M_uint64,200000000,fibo_prime64,modulo,1768541012,8.842705,5
books_200M_uint64,200000000,fibo_prime64,fast_modulo,262902587,1.314513,5
books_200M_uint64,200000000,fibo_prime64,branchless_fast_modulo,316730901,1.583655,5
books_200M_uint64,200000000,multadd64,do_nothing,488902021,2.444510,5
books_200M_uint64,200000000,multadd64,fastrange32,252854599,1.264273,5
books_200M_uint64,200000000,multadd64,fastrange64,534502203,2.672511,5
books_200M_uint64,200000000,multadd64,modulo,2040607486,10.203037,5
books_200M_uint64,200000000,multadd64,fast_modulo,353173511,1.765868,5
books_200M_uint64,200000000,multadd64,branchless_fast_modulo,402281146,2.011406,5
books_200M_uint64,200000000,mult64_shift60,do_nothing,446335034,2.231675,5
books_200M_uint64,200000000,mult64_shift60,fastrange32,221126925,1.105635,5
books_200M_uint64,200000000,mult64_shift60,fastrange64,488287111,2.441436,5
books_200M_uint64,200000000,mult64_shift60,modulo,1781282198,8.906411,5
books_200M_uint64,200000000,mult64_shift60,fast_modulo,346893792,1.734469,5
books_200M_uint64,200000000,mult64_shift60,branchless_fast_modulo,348021340,1.740107,5
books_200M_uint64,200000000,fibo64_shift60,do_nothing,445300727,2.226504,5
books_200M_uint64,200000000,fibo64_shift60,fastrange32,221408219,1.107041,5
books_200M_uint64,200000000,fibo64_shift60,fastrange64,488763402,2.443817,5
books_200M_uint64,200000000,fibo64_shift60,modulo,1779726103,8.898631,5
books_200M_uint64,200000000,fibo64_shift60,fast_modulo,345783837,1.728919,5
books_200M_uint64,200000000,fibo64_shift60,branchless_fast_modulo,348418113,1.742091,5
books_200M_uint64,200000000,fibo_prime64_shift60,do_nothing,446486889,2.232434,5
books_200M_uint64,200000000,fibo_prime64_shift60,fastrange32,222860204,1.114301,5
books_200M_uint64,200000000,fibo_prime64_shift60,fastrange64,489049009,2.445245,5
books_200M_uint64,200000000,fibo_prime64_shift60,modulo,1777828120,8.889141,5
books_200M_uint64,200000000,fibo_prime64_shift60,fast_modulo,343263952,1.716320,5
books_200M_uint64,200000000,fibo_prime64_shift60,branchless_fast_modulo,348846934,1.744235,5
books_200M_uint64,200000000,multadd64_shift60,do_nothing,597242743,2.986214,5
books_200M_uint64,200000000,multadd64_shift60,fastrange32,466356160,2.331781,5
books_200M_uint64,200000000,multadd64_shift60,fastrange64,653227276,3.266136,5
books_200M_uint64,200000000,multadd64_shift60,modulo,2233749706,11.168749,5
books_200M_uint64,200000000,multadd64_shift60,fast_modulo,572289730,2.861449,5
books_200M_uint64,200000000,multadd64_shift60,branchless_fast_modulo,588664828,2.943324,5
books_200M_uint64,200000000,mult64_rotate4,do_nothing,400061050,2.000305,5
books_200M_uint64,200000000,mult64_rotate4,fastrange32,235557989,1.177790,5
books_200M_uint64,200000000,mult64_rotate4,fastrange64,406067597,2.030338,5
books_200M_uint64,200000000,mult64_rotate4,modulo,1780670711,8.903354,5
books_200M_uint64,200000000,mult64_rotate4,fast_modulo,372043815,1.860219,5
books_200M_uint64,200000000,mult64_rotate4,branchless_fast_modulo,368239105,1.841196,5
books_200M_uint64,200000000,fibo64_rotate4,do_nothing,396902087,1.984510,5
books_200M_uint64,200000000,fibo64_rotate4,fastrange32,236792430,1.183962,5
books_200M_uint64,200000000,fibo64_rotate4,fastrange64,404712217,2.023561,5
books_200M_uint64,200000000,fibo64_rotate4,modulo,1779118227,8.895591,5
books_200M_uint64,200000000,fibo64_rotate4,fast_modulo,363650333,1.818252,5
books_200M_uint64,200000000,fibo64_rotate4,branchless_fast_modulo,362188192,1.810941,5
books_200M_uint64,200000000,fibo_prime64_rotate4,do_nothing,397683837,1.988419,5
books_200M_uint64,200000000,fibo_prime64_rotate4,fastrange32,234748177,1.173741,5
books_200M_uint64,200000000,fibo_prime64_rotate4,fastrange64,407424679,2.037123,5
books_200M_uint64,200000000,fibo_prime64_rotate4,modulo,1781606728,8.908034,5
books_200M_uint64,200000000,fibo_prime64_rotate4,fast_modulo,364534641,1.822673,5
books_200M_uint64,200000000,fibo_prime64_rotate4,branchless_fast_modulo,365238306,1.826192,5
books_200M_uint64,200000000,multadd64_rotate4,do_nothing,513504748,2.567524,5
books_200M_uint64,200000000,multadd64_rotate4,fastrange32,346060181,1.730301,5
books_200M_uint64,200000000,multadd64_rotate4,fastrange64,559599490,2.797997,5
books_200M_uint64,200000000,multadd64_rotate4,modulo,2020331710,10.101659,5
books_200M_uint64,200000000,multadd64_rotate4,fast_modulo,480636545,2.403183,5
books_200M_uint64,200000000,multadd64_rotate4,branchless_fast_modulo,465436646,2.327183,5
books_200M_uint64,200000000,murmur3_128_low,do_nothing,821443948,4.107220,5
books_200M_uint64,200000000,murmur3_128_low,fastrange32,721292994,3.606465,5
books_200M_uint64,200000000,murmur3_128_low,fastrange64,930258140,4.651291,5
books_200M_uint64,200000000,murmur3_128_low,modulo,2582484760,12.912424,5
books_200M_uint64,200000000,murmur3_128_low,fast_modulo,872946239,4.364731,5
books_200M_uint64,200000000,murmur3_128_low,branchless_fast_modulo,962299390,4.811497,5
books_200M_uint64,200000000,murmur3_128_upp,do_nothing,882874233,4.414371,5
books_200M_uint64,200000000,murmur3_128_upp,fastrange32,741503605,3.707518,5
books_200M_uint64,200000000,murmur3_128_upp,fastrange64,933029050,4.665145,5
books_200M_uint64,200000000,murmur3_128_upp,modulo,2569721515,12.848608,5
books_200M_uint64,200000000,murmur3_128_upp,fast_modulo,882336297,4.411681,5
books_200M_uint64,200000000,murmur3_128_upp,branchless_fast_modulo,974990299,4.874951,5
books_200M_uint64,200000000,murmur3_128_xor,do_nothing,908191441,4.540957,5
books_200M_uint64,200000000,murmur3_128_xor,fastrange32,793695815,3.968479,5
books_200M_uint64,200000000,murmur3_128_xor,fastrange64,962220763,4.811104,5
books_200M_uint64,200000000,murmur3_128_xor,modulo,2582366962,12.911835,5
books_200M_uint64,200000000,murmur3_128_xor,fast_modulo,940473035,4.702365,5
books_200M_uint64,200000000,murmur3_128_xor,branchless_fast_modulo,1005435059,5.027175,5
books_200M_uint64,200000000,murmur3_128_city,do_nothing,1096553835,5.482769,5
books_200M_uint64,200000000,murmur3_128_city,fastrange32,1065968493,5.329842,5
books_200M_uint64,200000000,murmur3_128_city,fastrange64,1200189429,6.000947,5
books_200M_uint64,200000000,murmur3_128_city,modulo,2628559032,13.142795,5
books_200M_uint64,200000000,murmur3_128_city,fast_modulo,1214972472,6.074862,5
books_200M_uint64,200000000,murmur3_128_city,branchless_fast_modulo,1296778559,6.483893,5
books_200M_uint64,200000000,murmur3_fin64,do_nothing,455481591,2.277408,5
books_200M_uint64,200000000,murmur3_fin64,fastrange32,293675799,1.468379,5
books_200M_uint64,200000000,murmur3_fin64,fastrange64,508953596,2.544768,5
books_200M_uint64,200000000,murmur3_fin64,modulo,1956781568,9.783908,5
books_200M_uint64,200000000,murmur3_fin64,fast_modulo,473779058,2.368895,5
books_200M_uint64,200000000,murmur3_fin64,branchless_fast_modulo,470078617,2.350393,5
books_200M_uint64,200000000,xxh64,do_nothing,584215215,2.921076,5
books_200M_uint64,200000000,xxh64,fastrange32,506842919,2.534215,5
books_200M_uint64,200000000,xxh64,fastrange64,649713628,3.248568,5
books_200M_uint64,200000000,xxh64,modulo,1994507122,9.972536,5
books_200M_uint64,200000000,xxh64,fast_modulo,627786919,3.138935,5
books_200M_uint64,200000000,xxh64,branchless_fast_modulo,720520623,3.602603,5
books_200M_uint64,200000000,xxh3,do_nothing,509163610,2.545818,5
books_200M_uint64,200000000,xxh3,fastrange32,407330358,2.036652,5
books_200M_uint64,200000000,xxh3,fastrange64,551935355,2.759677,5
books_200M_uint64,200000000,xxh3,modulo,1897633016,9.488165,5
books_200M_uint64,200000000,xxh3,fast_modulo,557255184,2.786276,5
books_200M_uint64,200000000,xxh3,branchless_fast_modulo,596798745,2.983994,5
books_200M_uint64,200000000,xxh3_128_low,do_nothing,512145557,2.560728,5
books_200M_uint64,200000000,xxh3_128_low,fastrange32,376136215,1.880681,5
books_200M_uint64,200000000,xxh3_128_low,fastrange64,564947359,2.824737,5
books_200M_uint64,200000000,xxh3_128_low,modulo,2186094478,10.930472,5
books_200M_uint64,200000000,xxh3_128_low,fast_modulo,487954125,2.439771,5
books_200M_uint64,200000000,xxh3_128_low,branchless_fast_modulo,552434075,2.762170,5
books_200M_uint64,200000000,xxh3_128_upp,do_nothing,491436985,2.457185,5
books_200M_uint64,200000000,xxh3_128_upp,fastrange32,324559033,1.622795,5
books_200M_uint64,200000000,xxh3_128_upp,fastrange64,548246186,2.741231,5
books_200M_uint64,200000000,xxh3_128_upp,modulo,2128695016,10.643475,5
books_200M_uint64,200000000,xxh3_128_upp,fast_modulo,468159023,2.340795,5
books_200M_uint64,200000000,xxh3_128_upp,branchless_fast_modulo,499152274,2.495761,5
books_200M_uint64,200000000,xxh3_128_xor,do_nothing,623145133,3.115726,5
books_200M_uint64,200000000,xxh3_128_xor,fastrange32,515099494,2.575497,5
books_200M_uint64,200000000,xxh3_128_xor,fastrange64,691446495,3.457232,5
books_200M_uint64,200000000,xxh3_128_xor,modulo,2373524415,11.867622,5
books_200M_uint64,200000000,xxh3_128_xor,fast_modulo,630662402,3.153312,5
books_200M_uint64,200000000,xxh3_128_xor,branchless_fast_modulo,679763417,3.398817,5
books_200M_uint64,200000000,xxh3_128_city,do_nothing,800790627,4.003953,5
books_200M_uint64,200000000,xxh3_128_city,fastrange32,733027782,3.665139,5
books_200M_uint64,200000000,xxh3_128_city,fastrange64,864168279,4.320841,5
books_200M_uint64,200000000,xxh3_128_city,modulo,2322762285,11.613811,5
books_200M_uint64,200000000,xxh3_128_city,fast_modulo,875685634,4.378428,5
books_200M_uint64,200000000,xxh3_128_city,branchless_fast_modulo,969499720,4.847499,5
books_200M_uint64,200000000,tabulation_small64,do_nothing,658528041,3.292640,5
books_200M_uint64,200000000,tabulation_small64,fastrange32,555622552,2.778113,5
books_200M_uint64,200000000,tabulation_small64,fastrange64,681591927,3.407960,5
books_200M_uint64,200000000,tabulation_small64,modulo,2046652236,10.233261,5
books_200M_uint64,200000000,tabulation_small64,fast_modulo,670172115,3.350861,5
books_200M_uint64,200000000,tabulation_small64,branchless_fast_modulo,685713636,3.428568,5
books_200M_uint64,200000000,tabulation_large64,do_nothing,669406167,3.347031,5
books_200M_uint64,200000000,tabulation_large64,fastrange32,531463370,2.657317,5
books_200M_uint64,200000000,tabulation_large64,fastrange64,718663093,3.593315,5
books_200M_uint64,200000000,tabulation_large64,modulo,2121861503,10.609308,5
books_200M_uint64,200000000,tabulation_large64,fast_modulo,637929341,3.189647,5
books_200M_uint64,200000000,tabulation_large64,branchless_fast_modulo,685065711,3.425329,5
books_200M_uint64,200000000,city64,do_nothing,585716909,2.928585,5
books_200M_uint64,200000000,city64,fastrange32,530230204,2.651151,5
books_200M_uint64,200000000,city64,fastrange64,661748139,3.308741,5
books_200M_uint64,200000000,city64,modulo,1998645381,9.993227,5
books_200M_uint64,200000000,city64,fast_modulo,658473631,3.292368,5
books_200M_uint64,200000000,city64,branchless_fast_modulo,730757299,3.653786,5
books_200M_uint64,200000000,city128_low,do_nothing,1160976740,5.804884,5
books_200M_uint64,200000000,city128_low,fastrange32,1055803329,5.279017,5
books_200M_uint64,200000000,city128_low,fastrange64,1273625930,6.368130,5
books_200M_uint64,200000000,city128_low,modulo,2631206093,13.156030,5
books_200M_uint64,200000000,city128_low,fast_modulo,1182711462,5.913557,5
books_200M_uint64,200000000,city128_low,branchless_fast_modulo,1283720576,6.418603,5
books_200M_uint64,200000000,city128_upp,do_nothing,1406871795,7.034359,5
books_200M_uint64,200000000,city128_upp,fastrange32,1338458734,6.692294,5
books_200M_uint64,200000000,city128_upp,fastrange64,1515717917,7.578590,5
books_200M_uint64,200000000,city128_upp,modulo,2949868613,14.749343,5
books_200M_uint64,200000000,city128_upp,fast_modulo,1469865450,7.349327,5
books_200M_uint64,200000000,city128_upp,branchless_fast_modulo,1579598504,7.897993,5
books_200M_uint64,200000000,city128_xor,do_nothing,1455515548,7.277578,5
books_200M_uint64,200000000,city128_xor,fastrange32,1366988297,6.834941,5
books_200M_uint64,200000000,city128_xor,fastrange64,1555698513,7.778493,5
books_200M_uint64,200000000,city128_xor,modulo,3017430689,15.087153,5
books_200M_uint64,200000000,city128_xor,fast_modulo,1490643021,7.453215,5
books_200M_uint64,200000000,city128_xor,branchless_fast_modulo,1608412481,8.042062,5
books_200M_uint64,200000000,city128_city,do_nothing,1776250507,8.881253,5
books_200M_uint64,200000000,city128_city,fastrange32,1697552120,8.487761,5
books_200M_uint64,200000000,city128_city,fastrange64,1873323061,9.366615,5
books_200M_uint64,200000000,city128_city,modulo,3387280269,16.936401,5
books_200M_uint64,200000000,city128_city,fast_modulo,1854731524,9.273658,5
books_200M_uint64,200000000,city128_city,branchless_fast_modulo,2017514500,10.087573,5
books_200M_uint64,200000000,aqua_low,do_nothing,403148950,2.015745,5
books_200M_uint64,200000000,aqua_low,fastrange32,292528993,1.462645,5
books_200M_uint64,200000000,aqua_low,fastrange64,437904519,2.189523,5
books_200M_uint64,200000000,aqua_low,modulo,1762817534,8.814088,5
books_200M_uint64,200000000,aqua_low,fast_modulo,396288430,1.981442,5
books_200M_uint64,200000000,aqua_low,branchless_fast_modulo,415289037,2.076445,5
books_200M_uint64,200000000,aqua_upp,do_nothing,408778650,2.043893,5
books_200M_uint64,200000000,aqua_upp,fastrange32,297753949,1.488770,5
books_200M_uint64,200000000,aqua_upp,fastrange64,466942100,2.334710,5
books_200M_uint64,200000000,aqua_upp,modulo,1895593914,9.477970,5
books_200M_uint64,200000000,aqua_upp,fast_modulo,392405751,1.962029,5
books_200M_uint64,200000000,aqua_upp,branchless_fast_modulo,452085794,2.260429,5
fb_200M_uint64,200000000,mult64,do_nothing,377713927,1.888570,5
fb_200M_uint64,200000000,mult64,fastrange32,182151267,0.910756,5
fb_200M_uint64,200000000,mult64,fastrange64,414997888,2.074989,5
fb_200M_uint64,200000000,mult64,modulo,1768777573,8.843888,5
fb_200M_uint64,200000000,mult64,fast_modulo,264249314,1.321247,5
fb_200M_uint64,200000000,mult64,branchless_fast_modulo,314459765,1.572299,5
fb_200M_uint64,200000000,fibo64,do_nothing,402961248,2.014806,5
fb_200M_uint64,200000000,fibo64,fastrange32,177948888,0.889744,5
fb_200M_uint64,200000000,fibo64,fastrange64,439471897,2.197359,5
fb_200M_uint64,200000000,fibo64,modulo,1749731603,8.748658,5
fb_200M_uint64,200000000,fibo64,fast_modulo,321241585,1.606208,5
fb_200M_uint64,200000000,fibo64,branchless_fast_modulo,313918257,1.569591,5
fb_200M_uint64,200000000,fibo_prime64,do_nothing,404141792,2.020709,5
fb_200M_uint64,200000000,fibo_prime64,fastrange32,178089120,0.890446,5
fb_200M_uint64,200000000,fibo_prime64,fastrange64,434728428,2.173642,5
fb_200M_uint64,200000000,fibo_prime64,modulo,1772444587,8.862223,5
fb_200M_uint64,200000000,fibo_prime64,fast_modulo,264500839,1.322504,5
fb_200M_uint64,200000000,fibo_prime64,branchless_fast_modulo,320936487,1.604682,5
fb_200M_uint64,200000000,multadd64,do_nothing,489678025,2.448390,5
fb_200M_uint64,200000000,multadd64,fastrange32,260386408,1.301932,5
fb_200M_uint64,200000000,multadd64,fastrange64,534955197,2.674776,5
fb_200M_uint64,200000000,multadd64,modulo,2043570471,10.217852,5
fb_200M_uint64,200000000,multadd64,fast_modulo,351733424,1.758667,5
fb_200M_uint64,200000000,multadd64,branchless_fast_modulo,402650708,2.013254,5
fb_200M_uint64,200000000,mult64_shift60,do_nothing,444664410,2.223322,5
fb_200M_uint64,200000000,mult64_shift60,fastrange32,224458738,1.122294,5
fb_200M_uint64,200000000,mult64_shift60,fastrange64,491816441,2.459082,5
fb_200M_uint64,200000000,mult64_shift60,modulo,1778385728,8.891929,5
fb_200M_uint64,200000000,mult64_shift60,fast_modulo,344634513,1.723173,5
fb_200M_uint64,200000000,mult64_shift60,branchless_fast_modulo,348981964,1.744910,5
fb_200M_uint64,200000000,fibo64_shift60,do_nothing,445751660,2.228758,5
fb_200M_uint64,200000000,fibo64_shift60,fastrange32,223124495,1.115622,5
fb_200M_uint64,200000000,fibo64_shift60,fastrange64,493896648,2.469483,5
fb_200M_uint64,200000000,fibo64_shift60,modulo,1778679417,8.893397,5
fb_200M_uint64,200000000,fibo64_shift60,fast_modulo,344801240,1.724006,5
fb_200M_uint64,200000000,fibo64_shift60,branchless_fast_modulo,347460201,1.737301,5
fb_200M_uint64,200000000,fibo_prime64_shift60,do_nothing,446788454,2.233942,5
fb_200M_uint64,200000000,fibo_prime64_shift60,fastrange32,221980277,1.109901,5
fb_200M_uint64,200000000,fibo_prime64_shift60,fastrange64,489749131,2.448746,5
fb_200M_uint64,200000000,fibo_prime64_shift60,modulo,1778388839,8.891944,5
fb_200M_uint64,200000000,fibo_prime64_shift60,fast_modulo,347301396,1.736507,5
fb_200M_uint64,200000000,fibo_prime64_shift60,branchless_fast_modulo,347735744,1.738679,5
fb_200M_uint64,200000000,multadd64_shift60,do_nothing,597560923,2.987805,5
fb_200M_uint64,200000000,multadd64_shift60,fastrange32,469001348,2.345007,5
fb_200M_uint64,200000000,multadd64_shift60,fastrange64,653576512,3.267883,5
fb_200M_uint64,200000000,multadd64_shift60,modulo,2235557917,11.177790,5
fb_200M_uint64,200000000,multadd64_shift60,fast_modulo,569942926,2.849715,5
fb_200M_uint64,200000000,multadd64_shift60,branchless_fast_modulo,591047566,2.955238,5
fb_200M_uint64,200000000,mult64_rotate4,do_nothing,398990393,1.994952,5
fb_200M_uint64,200000000,mult64_rotate4,fastrange32,236025670,1.180128,5
fb_200M_uint64,200000000,mult64_rotate4,fastrange64,409916254,2.049581,5
fb_200M_uint64,200000000,mult64_rotate4,modulo,1779579506,8.897898,5
fb_200M_uint64,200000000,mult64_rotate4,fast_modulo,373788347,1.868942,5
fb_200M_uint64,200000000,mult64_rotate4,branchless_fast_modulo,362697359,1.813487,5
fb_200M_uint64,200000000,fibo64_rotate4,do_nothing,398762578,1.993813,5
fb_200M_uint64,200000000,fibo64_rotate4,fastrange32,236270438,1.181352,5
fb_200M_uint64,200000000,fibo64_rotate4,fastrange64,412452568,2.062263,5
fb_200M_uint64,200000000,fibo64_rotate4,modulo,1780166655,8.900833,5
fb_200M_uint64,200000000,fibo64_rotate4,fast_modulo,368863927,1.844320,5
fb_200M_uint64,200000000,fibo64_rotate4,branchless_fast_modulo,364512621,1.822563,5
fb_200M_uint64,200000000,fibo_prime64_rotate4,do_nothing,399024298,1.995121,5
fb_200M_uint64,200000000,fibo_prime64_rotate4,fastrange32,237455603,1.187278,5
fb_200M_uint64,200000000,fibo_prime64_rotate4,fastrange64,410641427,2.053207,5
fb_200M_uint64,200000000,fibo_prime64_rotate4,modulo,1780173313,8.900867,5
fb_200M_uint64,200000000,fibo_prime64_rotate4,fast_modulo,366914381,1.834572,5
fb_200M_uint64,200000000,fibo_prime64_rotate4,branchless_fast_modulo,363933805,1.819669,5
fb_200M_uint64,200000000,multadd64_rotate4,do_nothing,512176309,2.560882,5
fb_200M_uint64,200000000,multadd64_rotate4,fastrange32,344797550,1.723988,5
fb_200M_uint64,200000000,multadd64_rotate4,fastrange64,560523974,2.802620,5
fb_200M_uint64,200000000,multadd64_rotate4,modulo,2017926147,10.089631,5
fb_200M_uint64,200000000,multadd64_rotate4,fast_modulo,480479103,2.402396,5
fb_200M_uint64,200000000,multadd64_rotate4,branchless_fast_modulo,463277502,2.316388,5
fb_200M_uint64,200000000,murmur3_128_low,do_nothing,818087665,4.090438,5
fb_200M_uint64,200000000,murmur3_128_low,fastrange32,717674547,3.588373,5
fb_200M_uint64,200000000,murmur3_128_low,fastrange64,879413085,4.397065,5
fb_200M_uint64,200000000,murmur3_128_low,modulo,2561663173,12.808316,5
fb_200M_uint64,200000000,murmur3_128_low,fast_modulo,872793754,4.363969,5
fb_200M_uint64,200000000,murmur3_128_low,branchless_fast_modulo,938780685,4.693903,5
fb_200M_uint64,200000000,murmur3_128_upp,do_nothing,824462037,4.122310,5
fb_200M_uint64,200000000,murmur3_128_upp,fastrange32,719377782,3.596889,5
fb_200M_uint64,200000000,murmur3_128_upp,fastrange64,885148867,4.425744,5
fb_200M_uint64,200000000,murmur3_128_upp,modulo,2572982927,12.864915,5
fb_200M_uint64,200000000,murmur3_128_upp,fast_modulo,876065383,4.380327,5
fb_200M_uint64,200000000,murmur3_128_upp,branchless_fast_modulo,968587722,4.842939,5
fb_200M_uint64,200000000,murmur3_128_xor,do_nothing,901419329,4.507097,5
fb_200M_uint64,200000000,murmur3_128_xor,fastrange32,791227580,3.956138,5
fb_200M_uint64,200000000,murmur3_128_xor,fastrange64,958132158,4.790661,5
fb_200M_uint64,200000000,murmur3_128_xor,modulo,2582113588,12.910568,5
fb_200M_uint64,200000000,murmur3_128_xor,fast_modulo,945142622,4.725713,5
fb_200M_uint64,200000000,murmur3_128_xor,branchless_fast_modulo,1045287941,5.226440,5
fb_200M_uint64,200000000,murmur3_128_city,do_nothing,1114689593,5.573448,5
fb_200M_uint64,200000000,murmur3_128_city,fastrange32,1069615591,5.348078,5
fb_200M_uint64,200000000,murmur3_128_city,fastrange64,1200423449,6.002117,5
fb_200M_uint64,200000000,murmur3_128_city,modulo,2630641303,13.153207,5
fb_200M_uint64,200000000,murmur3_128_city,fast_modulo,1217905054,6.089525,5
fb_200M_uint64,200000000,murmur3_128_city,branchless_fast_modulo,1301289156,6.506446,5
fb_200M_uint64,200000000,murmur3_fin64,do_nothing,460702157,2.303511,5
fb_200M_uint64,200000000,murmur3_fin64,fastrange32,295211531,1.476058,5
fb_200M_uint64,200000000,murmur3_fin64,fastrange64,515264051,2.576320,5
fb_200M_uint64,200000000,murmur3_fin64,modulo,1962567250,9.812836,5
fb_200M_uint64,200000000,murmur3_fin64,fast_modulo,479876826,2.399384,5
fb_200M_uint64,200000000,murmur3_fin64,branchless_fast_modulo,473587350,2.367937,5
fb_200M_uint64,200000000,xxh64,do_nothing,587013348,2.935067,5
fb_200M_uint64,200000000,xxh64,fastrange32,511766676,2.558833,5
fb_200M_uint64,200000000,xxh64,fastrange64,655241185,3.276206,5
fb_200M_uint64,200000000,xxh64,modulo,1998717990,9.993590,5
fb_200M_uint64,200000000,xxh64,fast_modulo,632298231,3.161491,5
fb_200M_uint64,200000000,xxh64,branchless_fast_modulo,722570596,3.612853,5
fb_200M_uint64,200000000,xxh3,do_nothing,516613563,2.583068,5
fb_200M_uint64,200000000,xxh3,fastrange32,410311561,2.051558,5
fb_200M_uint64,200000000,xxh3,fastrange64,556260760,2.781304,5
fb_200M_uint64,200000000,xxh3,modulo,1900450873,9.502254,5
fb_200M_uint64,200000000,xxh3,fast_modulo,558210315,2.791052,5
fb_200M_uint64,200000000,xxh3,branchless_fast_modulo,601890301,3.009452,5
fb_200M_uint64,200000000,xxh3_128_low,do_nothing,516170369,2.580852,5
fb_200M_uint64,200000000,xxh3_128_low,fastrange32,377156168,1.885781,5
fb_200M_uint64,200000000,xxh3_128_low,fastrange64,570626872,2.853134,5
fb_200M_uint64,200000000,xxh3_128_low,modulo,2191004324,10.955022,5
fb_200M_uint64,200000000,xxh3_128_low,fast_modulo,495076873,2.475384,5
fb_200M_uint64,200000000,xxh3_128_low,branchless_fast_modulo,554284239,2.771421,5
fb_200M_uint64,200000000,xxh3_128_upp,do_nothing,492095010,2.460475,5
fb_200M_uint64,200000000,xxh3_128_upp,fastrange32,324231999,1.621160,5
fb_200M_uint64,200000000,xxh3_128_upp,fastrange64,549907976,2.749540,5
fb_200M_uint64,200000000,xxh3_128_upp,modulo,2130336194,10.651681,5
fb_200M_uint64,200000000,xxh3_128_upp,fast_modulo,473553998,2.367770,5
fb_200M_uint64,200000000,xxh3_128_upp,branchless_fast_modulo,500728252,2.503641,5
fb_200M_uint64,200000000,xxh3_128_xor,do_nothing,626007147,3.130036,5
fb_200M_uint64,200000000,xxh3_128_xor,fastrange32,517983541,2.589918,5
fb_200M_uint64,200000000,xxh3_128_xor,fastrange64,690554965,3.452775,5
fb_200M_uint64,200000000,xxh3_128_xor,modulo,2373459572,11.867298,5
fb_200M_uint64,200000000,xxh3_128_xor,fast_modulo,630091295,3.150456,5
fb_200M_uint64,200000000,xxh3_128_xor,branchless_fast_modulo,678304099,3.391520,5
fb_200M_uint64,200000000,xxh3_128_city,do_nothing,798059757,3.990299,5
fb_200M_uint64,200000000,xxh3_128_city,fastrange32,735666240,3.678331,5
fb_200M_uint64,200000000,xxh3_128_city,fastrange64,858156686,4.290783,5
fb_200M_uint64,200000000,xxh3_128_city,modulo,2322827076,11.614135,5
fb_200M_uint64,200000000,xxh3_128_city,fast_modulo,875002446,4.375012,5
fb_200M_uint64,200000000,xxh3_128_city,branchless_fast_modulo,966367835,4.831839,5
fb_200M_uint64,200000000,tabulation_small64,do_nothing,647225914,3.236130,5
fb_200M_uint64,200000000,tabulation_small64,fastrange32,536660965,2.683305,5
fb_200M_uint64,200000000,tabulation_small64,fastrange64,678802913,3.394015,5
fb_200M_uint64,200000000,tabulation_small64,modulo,2043228508,10.216143,5
fb_200M_uint64,200000000,tabulation_small64,fast_modulo,656891754,3.284459,5
fb_200M_uint64,200000000,tabulation_small64,branchless_fast_modulo,685370799,3.426854,5
fb_200M_uint64,200000000,tabulation_large64,do_nothing,667886194,3.339431,5
fb_200M_uint64,200000000,tabulation_large64,fastrange32,534495143,2.672476,5
fb_200M_uint64,200000000,tabulation_large64,fastrange64,716311934,3.581560,5
fb_200M_uint64,200000000,tabulation_large64,modulo,2118991287,10.594956,5
fb_200M_uint64,200000000,tabulation_large64,fast_modulo,636998337,3.184992,5
fb_200M_uint64,200000000,tabulation_large64,branchless_fast_modulo,686364001,3.431820,5
fb_200M_uint64,200000000,city64,do_nothing,588498012,2.942490,5
fb_200M_uint64,200000000,city64,fastrange32,529946193,2.649731,5
fb_200M_uint64,200000000,city64,fastrange64,663926603,3.319633,5
fb_200M_uint64,200000000,city64,modulo,1991130643,9.955653,5
fb_200M_uint64,200000000,city64,fast_modulo,662920598,3.314603,5
fb_200M_uint64,200000000,city64,branchless_fast_modulo,730011523,3.650058,5
fb_200M_uint64,200000000,city128_low,do_nothing,1148257432,5.741287,5
fb_200M_uint64,200000000,city128_low,fastrange32,1045895327,5.229477,5
fb_200M_uint64,200000000,city128_low,fastrange64,1248074043,6.240370,5
fb_200M_uint64,200000000,city128_low,modulo,2630483158,13.152416,5
fb_200M_uint64,200000000,city128_low,fast_modulo,1181230644,5.906153,5
fb_200M_uint64,200000000,city128_low,branchless_fast_modulo,1283188548,6.415943,5
fb_200M_uint64,200000000,city128_upp,do_nothing,1401899831,7.009499,5
fb_200M_uint64,200000000,city128_upp,fastrange32,1335526748,6.677634,5
fb_200M_uint64,200000000,city128_upp,fastrange64,1506836932,7.534185,5
fb_200M_uint64,200000000,city128_upp,modulo,2949868801,14.749344,5
fb_200M_uint64,200000000,city128_upp,fast_modulo,1469152824,7.345764,5
fb_200M_uint64,200000000,city128_upp,branchless_fast_modulo,1577259592,7.886298,5
fb_200M_uint64,200000000,city128_xor,do_nothing,1452323842,7.261619,5
fb_200M_uint64,200000000,city128_xor,fastrange32,1364427204,6.822136,5
fb_200M_uint64,200000000,city128_xor,fastrange64,1550077985,7.750390,5
fb_200M_uint64,200000000,city128_xor,modulo,3012825097,15.064125,5
fb_200M_uint64,200000000,city128_xor,fast_modulo,1492251580,7.461258,5
fb_200M_uint64,200000000,city128_xor,branchless_fast_modulo,1606993766,8.034969,5
fb_200M_uint64,200000000,city128_city,do_nothing,1772036444,8.860182,5
fb_200M_uint64,200000000,city128_city,fastrange32,1703190092,8.515950,5
fb_200M_uint64,200000000,city128_city,fastrange64,1882971504,9.414858,5
fb_200M_uint64,200000000,city128_city,modulo,3385596878,16.927984,5
fb_200M_uint64,200000000,city128_city,fast_modulo,1858224311,9.291122,5
fb_200M_uint64,200000000,city128_city,branchless_fast_modulo,2023977945,10.119890,5
fb_200M_uint64,200000000,aqua_low,do_nothing,407434157,2.037171,5
fb_200M_uint64,200000000,aqua_low,fastrange32,292949949,1.464750,5
fb_200M_uint64,200000000,aqua_low,fastrange64,440920153,2.204601,5
fb_200M_uint64,200000000,aqua_low,modulo,1765506958,8.827535,5
fb_200M_uint64,200000000,aqua_low,fast_modulo,399083323,1.995417,5
fb_200M_uint64,200000000,aqua_low,branchless_fast_modulo,418999643,2.094998,5
fb_200M_uint64,200000000,aqua_upp,do_nothing,414557677,2.072788,5
fb_200M_uint64,200000000,aqua_upp,fastrange32,300871874,1.504359,5
fb_200M_uint64,200000000,aqua_upp,fastrange64,467253370,2.336267,5
fb_200M_uint64,200000000,aqua_upp,modulo,1899263387,9.496317,5
fb_200M_uint64,200000000,aqua_upp,fast_modulo,398963946,1.994820,5
fb_200M_uint64,200000000,aqua_upp,branchless_fast_modulo,456557172,2.282786,5
osm_cellids_200M_uint64,200000000,mult64,do_nothing,376735373,1.883677,5
osm_cellids_200M_uint64,200000000,mult64,fastrange32,181541010,0.907705,5
osm_cellids_200M_uint64,200000000,mult64,fastrange64,417210750,2.086054,5
osm_cellids_200M_uint64,200000000,mult64,modulo,1819302626,9.096513,5
osm_cellids_200M_uint64,200000000,mult64,fast_modulo,266519904,1.332600,5
osm_cellids_200M_uint64,200000000,mult64,branchless_fast_modulo,315692072,1.578460,5
osm_cellids_200M_uint64,200000000,fibo64,do_nothing,405087495,2.025437,5
osm_cellids_200M_uint64,200000000,fibo64,fastrange32,180564612,0.902823,5
osm_cellids_200M_uint64,200000000,fibo64,fastrange64,424974097,2.124870,5
osm_cellids_200M_uint64,200000000,fibo64,modulo,1749457715,8.747289,5
osm_cellids_200M_uint64,200000000,fibo64,fast_modulo,321368406,1.606842,5
osm_cellids_200M_uint64,200000000,fibo64,branchless_fast_modulo,312879311,1.564397,5
osm_cellids_200M_uint64,200000000,fibo_prime64,do_nothing,405877796,2.029389,5
osm_cellids_200M_uint64,200000000,fibo_prime64,fastrange32,180781953,0.903910,5
osm_cellids_200M_uint64,200000000,fibo_prime64,fastrange64,436641392,2.183207,5
osm_cellids_200M_uint64,200000000,fibo_prime64,modulo,1774628280,8.873141,5
osm_cellids_200M_uint64,200000000,fibo_prime64,fast_modulo,264713075,1.323565,5
osm_cellids_200M_uint64,200000000,fibo_prime64,branchless_fast_modulo,320917259,1.604586,5
osm_cellids_200M_uint64,200000000,multadd64,do_nothing,487862331,2.439312,5
osm_cellids_200M_uint64,200000000,multadd64,fastrange32,256541919,1.282710,5
osm_cellids_200M_uint64,200000000,multadd64,fastrange64,535795743,2.678979,5
osm_cellids_200M_uint64,200000000,multadd64,modulo,2042619825,10.213099,5
osm_cellids_200M_uint64,200000000,multadd64,fast_modulo,354464154,1.772321,5
osm_cellids_200M_uint64,200000000,multadd64,branchless_fast_modulo,404598340,2.022992,5
osm_cellids_200M_uint64,200000000,mult64_shift60,do_nothing,446058439,2.230292,5
osm_cellids_200M_uint64,200000000,mult64_shift60,fastrange32,225579287,1.127896,5
osm_cellids_200M_uint64,200000000,mult64_shift60,fastrange64,488869039,2.444345,5
osm_cellids_200M_uint64,200000000,mult64_shift60,modulo,1780793638,8.903968,5
osm_cellids_200M_uint64,200000000,mult64_shift60,fast_modulo,346899440,1.734497,5
osm_cellids_200M_uint64,200000000,mult64_shift60,branchless_fast_modulo,351651978,1.758260,5
osm_cellids_200M_uint64,200000000,fibo64_shift60,do_nothing,447592773,2.237964,5
osm_cellids_200M_uint64,200000000,fibo64_shift60,fastrange32,225218837,1.126094,5
osm_cellids_200M_uint64,200000000,fibo64_shift60,fastrange64,488641126,2.443206,5
osm_cellids_200M_uint64,200000000,fibo64_shift60,modulo,1780835872,8.904179,5
osm_cellids_200M_uint64,200000000,fibo64_shift60,fast_modulo,347642463,1.738212,5
osm_cellids_200M_uint64,200000000,fibo64_shift60,branchless_fast_modulo,348518003,1.742590,5
osm_cellids_200M_uint64,200000000,fibo_prime64_shift60,do_nothing,448313864,2.241569,5
osm_cellids_200M_uint64,200000000,fibo_prime64_shift60,fastrange32,223895216,1.119476,5
osm_cellids_200M_uint64,200000000,fibo_prime64_shift60,fastrange64,489153368,2.445767,5
osm_cellids_200M_uint64,200000000,fibo_prime64_shift60,modulo,1780198117,8.900991,5
osm_cellids_200M_uint64,200000000,fibo_prime64_shift60,fast_modulo,346602729,1.733014,5
osm_cellids_200M_uint64,200000000,fibo_prime64_shift60,branchless_fast_modulo,351427447,1.757137,5
osm_cellids_200M_uint64,200000000,multadd64_shift60,do_nothing,604120142,3.020601,5
osm_cellids_200M_uint64,200000000,multadd64_shift60,fastrange32,474298647,2.371493,5
osm_cellids_200M_uint64,200000000,multadd64_shift60,fastrange64,664067938,3.320340,5
osm_cellids_200M_uint64,200000000,multadd64_shift60,modulo,2258541654,11.292708,5
osm_cellids_200M_uint64,200000000,multadd64_shift60,fast_modulo,576288156,2.881441,5
osm_cellids_200M_uint64,200000000,multadd64_shift60,branchless_fast_modulo,588893808,2.944469,5
osm_cellids_200M_uint64,200000000,mult64_rotate4,do_nothing,396662188,1.983311,5
osm_cellids_200M_uint64,200000000,mult64_rotate4,fastrange32,233989440,1.169947,5
osm_cellids_200M_uint64,200000000,mult64_rotate4,fastrange64,409043753,2.045219,5
osm_cellids_200M_uint64,200000000,mult64_rotate4,modulo,1782797787,8.913989,5
osm_cellids_200M_uint64,200000000,mult64_rotate4,fast_modulo,370975100,1.854875,5
osm_cellids_200M_uint64,200000000,mult64_rotate4,branchless_fast_modulo,362471322,1.812357,5
osm_cellids_200M_uint64,200000000,fibo64_rotate4,do_nothing,395644458,1.978222,5
osm_cellids_200M_uint64,200000000,fibo64_rotate4,fastrange32,235849003,1.179245,5
osm_cellids_200M_uint64,200000000,fibo64_rotate4,fastrange64,406313369,2.031567,5
osm_cellids_200M_uint64,200000000,fibo64_rotate4,modulo,1779834328,8.899172,5
osm_cellids_200M_uint64,200000000,fibo64_rotate4,fast_modulo,362511856,1.812559,5
osm_cellids_200M_uint64,200000000,fibo64_rotate4,branchless_fast_modulo,360956029,1.804780,5
osm_cellids_200M_uint64,200000000,fibo_prime64_rotate4,do_nothing,397426875,1.987134,5
osm_cellids_200M_uint64,200000000,fibo_prime64_rotate4,fastrange32,235195395,1.175977,5
osm_cellids_200M_uint64,200000000,fibo_prime64_rotate4,fastrange64,407439472,2.037197,5
osm_cellids_200M_uint64,200000000,fibo_prime64_rotate4,modulo,1778975705,8.894879,5
osm_cellids_200M_uint64,200000000,fibo_prime64_rotate4,fast_modulo,365009284,1.825046,5
osm_cellids_200M_uint64,200000000,fibo_prime64_rotate4,branchless_fast_modulo,359858653,1.799293,5
osm_cellids_200M_uint64,200000000,multadd64_rotate4,do_nothing,511212762,2.556064,5
osm_cellids_200M_uint64,200000000,multadd64_rotate4,fastrange32,343452145,1.717261,5
osm_cellids_200M_uint64,200000000,multadd64_rotate4,fastrange64,559592440,2.797962,5
osm_cellids_200M_uint64,200000000,multadd64_rotate4,modulo,2020571308,10.102857,5
osm_cellids_200M_uint64,200000000,multadd64_rotate4,fast_modulo,480024882,2.400124,5
osm_cellids_200M_uint64,200000000,multadd64_rotate4,branchless_fast_modulo,467535680,2.337678,5
osm_cellids_200M_uint64,200000000,murmur3_128_low,do_nothing,824068260,4.120341,5
osm_cellids_200M_uint64,200000000,murmur3_128_low,fastrange32,719225243,3.596126,5
osm_cellids_200M_uint64,200000000,murmur3_128_low,fastrange64,883502918,4.417515,5
osm_cellids_200M_uint64,200000000,murmur3_128_low,modulo,2563912277,12.819561,5
osm_cellids_200M_uint64,200000000,murmur3_128_low,fast_modulo,871769825,4.358849,5
osm_cellids_200M_uint64,200000000,murmur3_128_low,branchless_fast_modulo,937447528,4.687238,5
osm_cellids_200M_uint64,200000000,murmur3_128_upp,do_nothing,819968357,4.099842,5
osm_cellids_200M_uint64,200000000,murmur3_128_upp,fastrange32,718806239,3.594031,5
osm_cellids_200M_uint64,200000000,murmur3_128_upp,fastrange64,883790438,4.418952,5
osm_cellids_200M_uint64,200000000,murmur3_128_upp,modulo,2574222846,12.871114,5
osm_cellids_200M_uint64,200000000,murmur3_128_upp,fast_modulo,877409956,4.387050,5
osm_cellids_200M_uint64,200000000,murmur3_128_upp,branchless_fast_modulo,971247064,4.856235,5
osm_cellids_200M_uint64,200000000,murmur3_128_xor,do_nothing,906105405,4.530527,5
osm_cellids_200M_uint64,200000000,murmur3_128_xor,fastrange32,794144915,3.970725,5
osm_cellids_200M_uint64,200000000,murmur3_128_xor,fastrange64,959741092,4.798705,5
osm_cellids_200M_uint64,200000000,murmur3_128_xor,modulo,2582072991,12.910365,5
osm_cellids_200M_uint64,200000000,murmur3_128_xor,fast_modulo,940486205,4.702431,5
osm_cellids_200M_uint64,200000000,murmur3_128_xor,branchless_fast_modulo,1003960867,5.019804,5
osm_cellids_200M_uint64,200000000,murmur3_128_city,do_nothing,1096654938,5.483275,5
osm_cellids_200M_uint64,200000000,murmur3_128_city,fastrange32,1066601573,5.333008,5
osm_cellids_200M_uint64,200000000,murmur3_128_city,fastrange64,1201533662,6.007668,5
osm_cellids_200M_uint64,200000000,murmur3_128_city,modulo,2632126776,13.160634,5
osm_cellids_200M_uint64,200000000,murmur3_128_city,fast_modulo,1215905971,6.079530,5
osm_cellids_200M_uint64,200000000,murmur3_128_city,branchless_fast_modulo,1298724470,6.493622,5
osm_cellids_200M_uint64,200000000,murmur3_fin64,do_nothing,458193321,2.290967,5
osm_cellids_200M_uint64,200000000,murmur3_fin64,fastrange32,292659077,1.463295,5
osm_cellids_200M_uint64,200000000,murmur3_fin64,fastrange64,512169591,2.560848,5
osm_cellids_200M_uint64,200000000,murmur3_fin64,modulo,1958391300,9.791956,5
osm_cellids_200M_uint64,200000000,murmur3_fin64,fast_modulo,474383382,2.371917,5
osm_cellids_200M_uint64,200000000,murmur3_fin64,branchless_fast_modulo,468970588,2.344853,5
osm_cellids_200M_uint64,200000000,xxh64,do_nothing,585773838,2.928869,5
osm_cellids_200M_uint64,200000000,xxh64,fastrange32,508925093,2.544625,5
osm_cellids_200M_uint64,200000000,xxh64,fastrange64,649710964,3.248555,5
osm_cellids_200M_uint64,200000000,xxh64,modulo,1994246244,9.971231,5
osm_cellids_200M_uint64,200000000,xxh64,fast_modulo,629353072,3.146765,5
osm_cellids_200M_uint64,200000000,xxh64,branchless_fast_modulo,720427872,3.602139,5
osm_cellids_200M_uint64,200000000,xxh3,do_nothing,510945921,2.554730,5
osm_cellids_200M_uint64,200000000,xxh3,fastrange32,407261973,2.036310,5
osm_cellids_200M_uint64,200000000,xxh3,fastrange64,554124630,2.770623,5
osm_cellids_200M_uint64,200000000,xxh3,modulo,1898504699,9.492523,5
osm_cellids_200M_uint64,200000000,xxh3,fast_modulo,559672553,2.798363,5
osm_cellids_200M_uint64,200000000,xxh3,branchless_fast_modulo,601833644,3.009168,5
osm_cellids_200M_uint64,200000000,xxh3_128_low,do_nothing,513248094,2.566240,5
osm_cellids_200M_uint64,200000000,xxh3_128_low,fastrange32,375745431,1.878727,5
osm_cellids_200M_uint64,200000000,xxh3_128_low,fastrange64,569349943,2.846750,5
osm_cellids_200M_uint64,200000000,xxh3_128_low,modulo,2187986482,10.939932,5
osm_cellids_200M_uint64,200000000,xxh3_128_low,fast_modulo,489618324,2.448092,5
osm_cellids_200M_uint64,200000000,xxh3_128_low,branchless_fast_modulo,552443798,2.762219,5
osm_cellids_200M_uint64,200000000,xxh3_128_upp,do_nothing,488546539,2.442733,5
osm_cellids_200M_uint64,200000000,xxh3_128_upp,fastrange32,322151165,1.610756,5
osm_cellids_200M_uint64,200000000,xxh3_128_upp,fastrange64,547878442,2.739392,5
osm_cellids_200M_uint64,200000000,xxh3_128_upp,modulo,2127092791,10.635464,5
osm_cellids_200M_uint64,200000000,xxh3_128_upp,fast_modulo,468009060,2.340045,5
osm_cellids_200M_uint64,200000000,xxh3_128_upp,branchless_fast_modulo,498083442,2.490417,5
osm_cellids_200M_uint64,200000000,xxh3_128_xor,do_nothing,622119804,3.110599,5
osm_cellids_200M_uint64,200000000,xxh3_128_xor,fastrange32,513915447,2.569577,5
osm_cellids_200M_uint64,200000000,xxh3_128_xor,fastrange64,687979269,3.439896,5
osm_cellids_200M_uint64,200000000,xxh3_128_xor,modulo,2370180996,11.850905,5
osm_cellids_200M_uint64,200000000,xxh3_128_xor,fast_modulo,628739329,3.143697,5
osm_cellids_200M_uint64,200000000,xxh3_128_xor,branchless_fast_modulo,676899079,3.384495,5
osm_cellids_200M_uint64,200000000,xxh3_128_city,do_nothing,799753522,3.998768,5
osm_cellids_200M_uint64,200000000,xxh3_128_city,fastrange32,732434384,3.662172,5
osm_cellids_200M_uint64,200000000,xxh3_128_city,fastrange64,859202339,4.296012,5
osm_cellids_200M_uint64,200000000,xxh3_128_city,modulo,2321308677,11.606543,5
osm_cellids_200M_uint64,200000000,xxh3_128_city,fast_modulo,874931826,4.374659,5
osm_cellids_200M_uint64,200000000,xxh3_128_city,branchless_fast_modulo,968706351,4.843532,5
osm_cellids_200M_uint64,200000000,tabulation_small64,do_nothing,648533422,3.242667,5
osm_cellids_200M_uint64,200000000,tabulation_small64,fastrange32,536770273,2.683851,5
osm_cellids_200M_uint64,200000000,tabulation_small64,fastrange64,681275558,3.406378,5
osm_cellids_200M_uint64,200000000,tabulation_small64,modulo,2044580663,10.222903,5
osm_cellids_200M_uint64,200000000,tabulation_small64,fast_modulo,658029968,3.290150,5
osm_cellids_200M_uint64,200000000,tabulation_small64,branchless_fast_modulo,682788889,3.413944,5
osm_cellids_200M_uint64,200000000,tabulation_large64,do_nothing,665902529,3.329513,5
osm_cellids_200M_uint64,200000000,tabulation_large64,fastrange32,531650800,2.658254,5
osm_cellids_200M_uint64,200000000,tabulation_large64,fastrange64,714261095,3.571305,5
osm_cellids_200M_uint64,200000000,tabulation_large64,modulo,2117662886,10.588314,5
osm_cellids_200M_uint64,200000000,tabulation_large64,fast_modulo,636077575,3.180388,5
osm_cellids_200M_uint64,200000000,tabulation_large64,branchless_fast_modulo,684977139,3.424886,5
osm_cellids_200M_uint64,200000000,city64,do_nothing,588117438,2.940587,5
osm_cellids_200M_uint64,200000000,city64,fastrange32,532058904,2.660295,5
osm_cellids_200M_uint64,200000000,city64,fastrange64,660892621,3.304463,5
osm_cellids_200M_uint64,200000000,city64,modulo,1992280990,9.961405,5
osm_cellids_200M_uint64,200000000,city64,fast_modulo,656956434,3.284782,5
osm_cellids_200M_uint64,200000000,city64,branchless_fast_modulo,726957184,3.634786,5
osm_cellids_200M_uint64,200000000,city128_low,do_nothing,1144164391,5.720822,5
osm_cellids_200M_uint64,200000000,city128_low,fastrange32,1045309074,5.226545,5
osm_cellids_200M_uint64,200000000,city128_low,fastrange64,1242619865,6.213099,5
osm_cellids_200M_uint64,200000000,city128_low,modulo,2620111273,13.100556,5
osm_cellids_200M_uint64,200000000,city128_low,fast_modulo,1181424374,5.907122,5
osm_cellids_200M_uint64,200000000,city128_low,branchless_fast_modulo,1284835954,6.424180,5
osm_cellids_200M_uint64,200000000,city128_upp,do_nothing,1402641846,7.013209,5
osm_cellids_200M_uint64,200000000,city128_upp,fastrange32,1337027213,6.685136,5
osm_cellids_200M_uint64,200000000,city128_upp,fastrange64,1508391918,7.541960,5
osm_cellids_200M_uint64,200000000,city128_upp,modulo,2949645597,14.748228,5
osm_cellids_200M_uint64,200000000,city128_upp,fast_modulo,1469132867,7.345664,5
osm_cellids_200M_uint64,200000000,city128_upp,branchless_fast_modulo,1577799999,7.889000,5
osm_cellids_200M_uint64,200000000,city128_xor,do_nothing,1452628198,7.263141,5
osm_cellids_200M_uint64,200000000,city128_xor,fastrange32,1364045209,6.820226,5
osm_cellids_200M_uint64,200000000,city128_xor,fastrange64,1550479447,7.752397,5
osm_cellids_200M_uint64,200000000,city128_xor,modulo,3017286359,15.086432,5
osm_cellids_200M_uint64,200000000,city128_xor,fast_modulo,1496636137,7.483181,5
osm_cellids_200M_uint64,200000000,city128_xor,branchless_fast_modulo,1607693807,8.038469,5
osm_cellids_200M_uint64,200000000,city128_city,do_nothing,1774225118,8.871126,5
osm_cellids_200M_uint64,200000000,city128_city,fastrange32,1699461397,8.497307,5
osm_cellids_200M_uint64,200000000,city128_city,fastrange64,1874334814,9.371674,5
osm_cellids_200M_uint64,200000000,city128_city,modulo,3385867025,16.929335,5
osm_cellids_200M_uint64,200000000,city128_city,fast_modulo,1854546132,9.272731,5
osm_cellids_200M_uint64,200000000,city128_city,branchless_fast_modulo,2018153188,10.090766,5
osm_cellids_200M_uint64,200000000,aqua_low,do_nothing,401718223,2.008591,5
osm_cellids_200M_uint64,200000000,aqua_low,fastrange32,290361390,1.451807,5
osm_cellids_200M_uint64,200000000,aqua_low,fastrange64,437804047,2.189020,5
osm_cellids_200M_uint64,200000000,aqua_low,modulo,1764470067,8.822350,5
osm_cellids_200M_uint64,200000000,aqua_low,fast_modulo,393868345,1.969342,5
osm_cellids_200M_uint64,200000000,aqua_low,branchless_fast_modulo,412094985,2.060475,5
osm_cellids_200M_uint64,200000000,aqua_upp,do_nothing,404414775,2.022074,5
osm_cellids_200M_uint64,200000000,aqua_upp,fastrange32,297081467,1.485407,5
osm_cellids_200M_uint64,200000000,aqua_upp,fastrange64,458993121,2.294966,5
osm_cellids_200M_uint64,200000000,aqua_upp,modulo,1903964215,9.519821,5
osm_cellids_200M_uint64,200000000,aqua_upp,fast_modulo,396543921,1.982720,5
osm_cellids_200M_uint64,200000000,aqua_upp,branchless_fast_modulo,453330767,2.266654,5
wiki_ts_200M_uint64,90437011,mult64,do_nothing,173234943,1.915531,5
wiki_ts_200M_uint64,90437011,mult64,fastrange32,82412055,0.911265,5
wiki_ts_200M_uint64,90437011,mult64,fastrange64,186394710,2.061045,5
wiki_ts_200M_uint64,90437011,mult64,modulo,798849174,8.833211,5
wiki_ts_200M_uint64,90437011,mult64,fast_modulo,153826328,1.700922,5
wiki_ts_200M_uint64,90437011,mult64,branchless_fast_modulo,142002244,1.570178,5
wiki_ts_200M_uint64,90437011,fibo64,do_nothing,181938545,2.011771,5
wiki_ts_200M_uint64,90437011,fibo64,fastrange32,80414359,0.889175,5
wiki_ts_200M_uint64,90437011,fibo64,fastrange64,190905219,2.110919,5
wiki_ts_200M_uint64,90437011,fibo64,modulo,789659525,8.731597,5
wiki_ts_200M_uint64,90437011,fibo64,fast_modulo,191139292,2.113507,5
wiki_ts_200M_uint64,90437011,fibo64,branchless_fast_modulo,138609555,1.532664,5
wiki_ts_200M_uint64,90437011,fibo_prime64,do_nothing,200395022,2.215852,5
wiki_ts_200M_uint64,90437011,fibo_prime64,fastrange32,82535611,0.912631,5
wiki_ts_200M_uint64,90437011,fibo_prime64,fastrange64,212978694,2.354995,5
wiki_ts_200M_uint64,90437011,fibo_prime64,modulo,822826832,9.098342,5
wiki_ts_200M_uint64,90437011,fibo_prime64,fast_modulo,153591004,1.698320,5
wiki_ts_200M_uint64,90437011,fibo_prime64,branchless_fast_modulo,145871115,1.612958,5
wiki_ts_200M_uint64,90437011,multadd64,do_nothing,221934291,2.454021,5
wiki_ts_200M_uint64,90437011,multadd64,fastrange32,117434724,1.298525,5
wiki_ts_200M_uint64,90437011,multadd64,fastrange64,241341826,2.668618,5
wiki_ts_200M_uint64,90437011,multadd64,modulo,922627271,10.201877,5
wiki_ts_200M_uint64,90437011,multadd64,fast_modulo,198876492,2.199061,5
wiki_ts_200M_uint64,90437011,multadd64,branchless_fast_modulo,185044122,2.046111,5
wiki_ts_200M_uint64,90437011,mult64_shift59,do_nothing,202112900,2.234847,5
wiki_ts_200M_uint64,90437011,mult64_shift59,fastrange32,101741379,1.124997,5
wiki_ts_200M_uint64,90437011,mult64_shift59,fastrange64,222001616,2.454765,5
wiki_ts_200M_uint64,90437011,mult64_shift59,modulo,802508467,8.873673,5
wiki_ts_200M_uint64,90437011,mult64_shift59,fast_modulo,184071519,2.035356,5
wiki_ts_200M_uint64,90437011,mult64_shift59,branchless_fast_modulo,159340794,1.761898,5
wiki_ts_200M_uint64,90437011,fibo64_shift59,do_nothing,202559042,2.239780,5
wiki_ts_200M_uint64,90437011,fibo64_shift59,fastrange32,99963417,1.105337,5
wiki_ts_200M_uint64,90437011,fibo64_shift59,fastrange64,220511232,2.438285,5
wiki_ts_200M_uint64,90437011,fibo64_shift59,modulo,805285678,8.904382,5
wiki_ts_200M_uint64,90437011,fibo64_shift59,fast_modulo,184854150,2.044010,5
wiki_ts_200M_uint64,90437011,fibo64_shift59,branchless_fast_modulo,157363962,1.740039,5
wiki_ts_200M_uint64,90437011,fibo_prime64_shift59,do_nothing,200928054,2.221746,5
wiki_ts_200M_uint64,90437011,fibo_prime64_shift59,fastrange32,101552838,1.122912,5
wiki_ts_200M_uint64,90437011,fibo_prime64_shift59,fastrange64,220761089,2.441048,5
wiki_ts_200M_uint64,90437011,fibo_prime64_shift59,modulo,803697698,8.886823,5
wiki_ts_200M_uint64,90437011,fibo_prime64_shift59,fast_modulo,182434301,2.017253,5
wiki_ts_200M_uint64,90437011,fibo_prime64_shift59,branchless_fast_modulo,157911207,1.746091,5
wiki_ts_200M_uint64,90437011,multadd64_shift59,do_nothing,269962212,2.985086,5
wiki_ts_200M_uint64,90437011,multadd64_shift59,fastrange32,210971538,2.332801,5
wiki_ts_200M_uint64,90437011,multadd64_shift59,fastrange64,294641995,3.257980,5
wiki_ts_200M_uint64,90437011,multadd64_shift59,modulo,1012122015,11.191458,5
wiki_ts_200M_uint64,90437011,multadd64_shift59,fast_modulo,293240191,3.242480,5
wiki_ts_200M_uint64,90437011,multadd64_shift59,branchless_fast_modulo,266529419,2.947128,5
wiki_ts_200M_uint64,90437011,mult64_rotate5,do_nothing,179139496,1.980821,5
wiki_ts_200M_uint64,90437011,mult64_rotate5,fastrange32,107464188,1.188277,5
wiki_ts_200M_uint64,90437011,mult64_rotate5,fastrange64,185460693,2.050717,5
wiki_ts_200M_uint64,90437011,mult64_rotate5,modulo,805114325,8.902487,5
wiki_ts_200M_uint64,90437011,mult64_rotate5,fast_modulo,193770485,2.142602,5
wiki_ts_200M_uint64,90437011,mult64_rotate5,branchless_fast_modulo,163521818,1.808129,5
wiki_ts_200M_uint64,90437011,fibo64_rotate5,do_nothing,180199698,1.992544,5
wiki_ts_200M_uint64,90437011,fibo64_rotate5,fastrange32,108210880,1.196533,5
wiki_ts_200M_uint64,90437011,fibo64_rotate5,fastrange64,186442424,2.061572,5
wiki_ts_200M_uint64,90437011,fibo64_rotate5,modulo,804868635,8.899770,5
wiki_ts_200M_uint64,90437011,fibo64_rotate5,fast_modulo,189288577,2.093043,5
wiki_ts_200M_uint64,90437011,fibo64_rotate5,branchless_fast_modulo,165355255,1.828402,5
wiki_ts_200M_uint64,90437011,fibo_prime64_rotate5,do_nothing,181452047,2.006391,5
wiki_ts_200M_uint64,90437011,fibo_prime64_rotate5,fastrange32,106733866,1.180201,5
wiki_ts_200M_uint64,90437011,fibo_prime64_rotate5,fastrange64,184376036,2.038723,5
wiki_ts_200M_uint64,90437011,fibo_prime64_rotate5,modulo,805756408,8.909587,5
wiki_ts_200M_uint64,90437011,fibo_prime64_rotate5,fast_modulo,190989613,2.111852,5
wiki_ts_200M_uint64,90437011,fibo_prime64_rotate5,branchless_fast_modulo,164497242,1.818915,5
wiki_ts_200M_uint64,90437011,multadd64_rotate5,do_nothing,232617689,2.572151,5
wiki_ts_200M_uint64,90437011,multadd64_rotate5,fastrange32,157313371,1.739480,5
wiki_ts_200M_uint64,90437011,multadd64_rotate5,fastrange64,253316133,2.801023,5
wiki_ts_200M_uint64,90437011,multadd64_rotate5,modulo,912285270,10.087521,5
wiki_ts_200M_uint64,90437011,multadd64_rotate5,fast_modulo,253464476,2.802663,5
wiki_ts_200M_uint64,90437011,multadd64_rotate5,branchless_fast_modulo,212625726,2.351092,5
wiki_ts_200M_uint64,90437011,murmur3_128_low,do_nothing,371046934,4.102822,5
wiki_ts_200M_uint64,90437011,murmur3_128_low,fastrange32,325682530,3.601208,5
wiki_ts_200M_uint64,90437011,murmur3_128_low,fastrange64,398252815,4.403649,5
wiki_ts_200M_uint64,90437011,murmur3_128_low,modulo,1162115624,12.850000,5
wiki_ts_200M_uint64,90437011,murmur3_128_low,fast_modulo,447492019,4.948107,5
wiki_ts_200M_uint64,90437011,murmur3_128_low,branchless_fast_modulo,423473893,4.682529,5
wiki_ts_200M_uint64,90437011,murmur3_128_upp,do_nothing,371066527,4.103038,5
wiki_ts_200M_uint64,90437011,murmur3_128_upp,fastrange32,325194732,3.595815,5
wiki_ts_200M_uint64,90437011,murmur3_128_upp,fastrange64,400774952,4.431537,5
wiki_ts_200M_uint64,90437011,murmur3_128_upp,modulo,1167622427,12.910891,5
wiki_ts_200M_uint64,90437011,murmur3_128_upp,fast_modulo,449777599,4.973380,5
wiki_ts_200M_uint64,90437011,murmur3_128_upp,branchless_fast_modulo,440338407,4.869007,5
wiki_ts_200M_uint64,90437011,murmur3_128_xor,do_nothing,408617250,4.518252,5
wiki_ts_200M_uint64,90437011,murmur3_128_xor,fastrange32,359033621,3.969985,5
wiki_ts_200M_uint64,90437011,murmur3_128_xor,fastrange64,433875950,4.797549,5
wiki_ts_200M_uint64,90437011,murmur3_128_xor,modulo,1171451988,12.953236,5
wiki_ts_200M_uint64,90437011,murmur3_128_xor,fast_modulo,484503229,5.357356,5
wiki_ts_200M_uint64,90437011,murmur3_128_xor,branchless_fast_modulo,455439772,5.035989,5
wiki_ts_200M_uint64,90437011,murmur3_128_city,do_nothing,496367634,5.488545,5
wiki_ts_200M_uint64,90437011,murmur3_128_city,fastrange32,484369382,5.355876,5
wiki_ts_200M_uint64,90437011,murmur3_128_city,fastrange64,542616661,5.999940,5
wiki_ts_200M_uint64,90437011,murmur3_128_city,modulo,1194336338,13.206278,5
wiki_ts_200M_uint64,90437011,murmur3_128_city,fast_modulo,623202759,6.891015,5
wiki_ts_200M_uint64,90437011,murmur3_128_city,branchless_fast_modulo,587449554,6.495676,5
wiki_ts_200M_uint64,90437011,murmur3_fin64,do_nothing,209883261,2.320767,5
wiki_ts_200M_uint64,90437011,murmur3_fin64,fastrange32,131638482,1.455582,5
wiki_ts_200M_uint64,90437011,murmur3_fin64,fastrange64,231527883,2.560101,5
wiki_ts_200M_uint64,90437011,murmur3_fin64,modulo,886477850,9.802158,5
wiki_ts_200M_uint64,90437011,murmur3_fin64,fast_modulo,246881518,2.729873,5
wiki_ts_200M_uint64,90437011,murmur3_fin64,branchless_fast_modulo,213137980,2.356756,5
wiki_ts_200M_uint64,90437011,xxh64,do_nothing,265534891,2.936131,5
wiki_ts_200M_uint64,90437011,xxh64,fastrange32,230998732,2.554250,5
wiki_ts_200M_uint64,90437011,xxh64,fastrange64,294906612,3.260906,5
wiki_ts_200M_uint64,90437011,xxh64,modulo,901479567,9.968038,5
wiki_ts_200M_uint64,90437011,xxh64,fast_modulo,342890347,3.791483,5
wiki_ts_200M_uint64,90437011,xxh64,branchless_fast_modulo,326407426,3.609224,5
wiki_ts_200M_uint64,90437011,xxh3,do_nothing,232272776,2.568338,5
wiki_ts_200M_uint64,90437011,xxh3,fastrange32,185415877,2.050221,5
wiki_ts_200M_uint64,90437011,xxh3,fastrange64,251353747,2.779324,5
wiki_ts_200M_uint64,90437011,xxh3,modulo,857656201,9.483465,5
wiki_ts_200M_uint64,90437011,xxh3,fast_modulo,293701428,3.247580,5
wiki_ts_200M_uint64,90437011,xxh3,branchless_fast_modulo,270484267,2.990858,5
wiki_ts_200M_uint64,90437011,xxh3_128_low,do_nothing,234127445,2.588845,5
wiki_ts_200M_uint64,90437011,xxh3_128_low,fastrange32,169841194,1.878005,5
wiki_ts_200M_uint64,90437011,xxh3_128_low,fastrange64,256400725,2.835130,5
wiki_ts_200M_uint64,90437011,xxh3_128_low,modulo,989049302,10.936333,5
wiki_ts_200M_uint64,90437011,xxh3_128_low,fast_modulo,269218700,2.976864,5
wiki_ts_200M_uint64,90437011,xxh3_128_low,branchless_fast_modulo,249885348,2.763087,5
wiki_ts_200M_uint64,90437011,xxh3_128_upp,do_nothing,223160829,2.467583,5
wiki_ts_200M_uint64,90437011,xxh3_128_upp,fastrange32,146043773,1.614867,5
wiki_ts_200M_uint64,90437011,xxh3_128_upp,fastrange64,247724755,2.739197,5
wiki_ts_200M_uint64,90437011,xxh3_128_upp,modulo,962215900,10.639625,5
wiki_ts_200M_uint64,90437011,xxh3_128_upp,fast_modulo,249053672,2.753891,5
wiki_ts_200M_uint64,90437011,xxh3_128_upp,branchless_fast_modulo,225324196,2.491504,5
wiki_ts_200M_uint64,90437011,xxh3_128_xor,do_nothing,283051809,3.129823,5
wiki_ts_200M_uint64,90437011,xxh3_128_xor,fastrange32,232281466,2.568434,5
wiki_ts_200M_uint64,90437011,xxh3_128_xor,fastrange64,311159444,3.440621,5
wiki_ts_200M_uint64,90437011,xxh3_128_xor,modulo,1073957068,11.875194,5
wiki_ts_200M_uint64,90437011,xxh3_128_xor,fast_modulo,327630703,3.622750,5
wiki_ts_200M_uint64,90437011,xxh3_128_xor,branchless_fast_modulo,306654471,3.390807,5
wiki_ts_200M_uint64,90437011,xxh3_128_city,do_nothing,361030319,3.992064,5
wiki_ts_200M_uint64,90437011,xxh3_128_city,fastrange32,331176697,3.661960,5
wiki_ts_200M_uint64,90437011,xxh3_128_city,fastrange64,388270401,4.293269,5
wiki_ts_200M_uint64,90437011,xxh3_128_city,modulo,1049989383,11.610173,5
wiki_ts_200M_uint64,90437011,xxh3_128_city,fast_modulo,460553142,5.092529,5
wiki_ts_200M_uint64,90437011,xxh3_128_city,branchless_fast_modulo,438704248,4.850937,5
wiki_ts_200M_uint64,90437011,tabulation_small64,do_nothing,293408656,3.244343,5
wiki_ts_200M_uint64,90437011,tabulation_small64,fastrange32,243371929,2.691066,5
wiki_ts_200M_uint64,90437011,tabulation_small64,fastrange64,309430780,3.421506,5
wiki_ts_200M_uint64,90437011,tabulation_small64,modulo,924264719,10.219983,5
wiki_ts_200M_uint64,90437011,tabulation_small64,fast_modulo,333022363,3.682368,5
wiki_ts_200M_uint64,90437011,tabulation_small64,branchless_fast_modulo,309831359,3.425935,5
wiki_ts_200M_uint64,90437011,tabulation_large64,do_nothing,302203544,3.341591,5
wiki_ts_200M_uint64,90437011,tabulation_large64,fastrange32,240163438,2.655588,5
wiki_ts_200M_uint64,90437011,tabulation_large64,fastrange64,323257630,3.574395,5
wiki_ts_200M_uint64,90437011,tabulation_large64,modulo,957922491,10.592151,5
wiki_ts_200M_uint64,90437011,tabulation_large64,fast_modulo,327471790,3.620993,5
wiki_ts_200M_uint64,90437011,tabulation_large64,branchless_fast_modulo,308886556,3.415488,5
wiki_ts_200M_uint64,90437011,city64,do_nothing,264890376,2.929004,5
wiki_ts_200M_uint64,90437011,city64,fastrange32,239702552,2.650492,5
wiki_ts_200M_uint64,90437011,city64,fastrange64,297965130,3.294726,5
wiki_ts_200M_uint64,90437011,city64,modulo,902833954,9.983014,5
wiki_ts_200M_uint64,90437011,city64,fast_modulo,348879650,3.857709,5
wiki_ts_200M_uint64,90437011,city64,branchless_fast_modulo,328368293,3.630906,5
wiki_ts_200M_uint64,90437011,city128_low,do_nothing,522788040,5.780687,5
wiki_ts_200M_uint64,90437011,city128_low,fastrange32,472352861,5.223004,5
wiki_ts_200M_uint64,90437011,city128_low,fastrange64,563048430,6.225863,5
wiki_ts_200M_uint64,90437011,city128_low,modulo,1186416426,13.118705,5
wiki_ts_200M_uint64,90437011,city128_low,fast_modulo,598804653,6.621234,5
wiki_ts_200M_uint64,90437011,city128_low,branchless_fast_modulo,579957372,6.412832,5
wiki_ts_200M_uint64,90437011,city128_upp,do_nothing,634950379,7.020913,5
wiki_ts_200M_uint64,90437011,city128_upp,fastrange32,603913571,6.677726,5
wiki_ts_200M_uint64,90437011,city128_upp,fastrange64,683148889,7.553864,5
wiki_ts_200M_uint64,90437011,city128_upp,modulo,1338934737,14.805164,5
wiki_ts_200M_uint64,90437011,city128_upp,fast_modulo,728365284,8.053841,5
wiki_ts_200M_uint64,90437011,city128_upp,branchless_fast_modulo,714566043,7.901257,5
wiki_ts_200M_uint64,90437011,city128_xor,do_nothing,656966760,7.264357,5
wiki_ts_200M_uint64,90437011,city128_xor,fastrange32,617683133,6.829982,5
wiki_ts_200M_uint64,90437011,city128_xor,fastrange64,701225866,7.753749,5
wiki_ts_200M_uint64,90437011,city128_xor,modulo,1369311640,15.141054,5
wiki_ts_200M_uint64,90437011,city128_xor,fast_modulo,754537634,8.343239,5
wiki_ts_200M_uint64,90437011,city128_xor,branchless_fast_modulo,728307267,8.053199,5
wiki_ts_200M_uint64,90437011,city128_city,do_nothing,801580325,8.863410,5
wiki_ts_200M_uint64,90437011,city128_city,fastrange32,768758486,8.500485,5
wiki_ts_200M_uint64,90437011,city128_city,fastrange64,849058710,9.388399,5
wiki_ts_200M_uint64,90437011,city128_city,modulo,1537259463,16.998123,5
wiki_ts_200M_uint64,90437011,city128_city,fast_modulo,923774517,10.214563,5
wiki_ts_200M_uint64,90437011,city128_city,branchless_fast_modulo,912543394,10.090375,5
wiki_ts_200M_uint64,90437011,aqua_low,do_nothing,183321142,2.027059,5
wiki_ts_200M_uint64,90437011,aqua_low,fastrange32,131861575,1.458049,5
wiki_ts_200M_uint64,90437011,aqua_low,fastrange64,197395241,2.182682,5
wiki_ts_200M_uint64,90437011,aqua_low,modulo,796222289,8.804164,5
wiki_ts_200M_uint64,90437011,aqua_low,fast_modulo,207177344,2.290847,5
wiki_ts_200M_uint64,90437011,aqua_low,branchless_fast_modulo,190181426,2.102916,5
wiki_ts_200M_uint64,90437011,aqua_upp,do_nothing,187615566,2.074544,5
wiki_ts_200M_uint64,90437011,aqua_upp,fastrange32,136741686,1.512010,5
wiki_ts_200M_uint64,90437011,aqua_upp,fastrange64,208811179,2.308913,5
wiki_ts_200M_uint64,90437011,aqua_upp,modulo,858481433,9.492590,5
wiki_ts_200M_uint64,90437011,aqua_upp,fast_modulo,222971244,2.465487,5
wiki_ts_200M_uint64,90437011,aqua_upp,branchless_fast_modulo,206280943,2.280935,5
