dataset,numelements,load_factor,model,reducer,sample_size,min,max,std_dev,empty_slots,empty_slots_percent,colliding_slots,colliding_slots_percent,total_colliding_keys,total_colliding_keys_percent,sample_nanoseconds_total,sample_nanoseconds_per_key,prepare_nanoseconds_total,prepare_nanoseconds_per_key,build_nanoseconds_total,build_nanoseconds_per_key,hashing_nanoseconds_total,hashing_nanoseconds_per_key,total_nanoseconds,total_nanoseconds_per_key
books_200M_uint32,199999999,1.000000,pgm_eps128,min_max_cutoff,0.001000,0,106479,32.760869,199800040,0.999000,199959,0.001000,199999999,1.000000,46639795,0.233199,11655490,0.058277,6337830,0.031689,14612923444,73.064618,14677556559,73.387783
books_200M_uint32,199999999,0.750000,pgm_eps128,min_max_cutoff,0.001000,0,106479,32.764685,266466706,0.999250,199959,0.000750,199999999,1.000000,23281540,0.116408,12514193,0.062571,4528875,0.022644,15234280912,76.171405,15274605520,76.373028
books_200M_uint32,199999999,1.000000,pgm_eps16,min_max_cutoff,0.001000,0,38766,35.186291,199801631,0.999008,198367,0.000992,199999998,1.000000,20091701,0.100459,11140926,0.055705,4609374,0.023047,18136329824,90.681650,18172171825,90.860860
books_200M_uint32,199999999,0.750000,pgm_eps16,min_max_cutoff,0.001000,0,38766,35.189843,266468297,0.999256,198367,0.000744,199999998,1.000000,22766935,0.113835,12462736,0.062314,6672411,0.033362,19369288676,96.846444,19411190758,97.055954
books_200M_uint32,199999999,1.000000,pgm_hash_eps128,min_max_cutoff,0.001000,0,27216,2.480300,101775548,0.508878,45557415,0.227787,147332963,0.736665,22554071,0.112770,12559957,0.062800,5220717,0.026104,11896654511,59.483273,11936989256,59.684947
books_200M_uint32,199999999,0.750000,pgm_hash_eps128,min_max_cutoff,0.001000,0,27216,2.490430,161081957,0.604057,43637709,0.163641,138053000,0.690265,24524085,0.122620,12999468,0.064997,4644436,0.023222,12890087100,64.450436,12932255089,64.661276
books_200M_uint32,199999999,1.000000,pgm_hash_eps16,min_max_cutoff,0.001000,0,6091,1.172912,74549900,0.372750,48556080,0.242780,123105980,0.615530,28713655,0.143568,15695404,0.078477,5201098,0.026005,19709647710,98.548239,19759257867,98.796290
books_200M_uint32,199999999,0.750000,pgm_hash_eps16,min_max_cutoff,0.001000,0,6091,1.109598,122669656,0.460011,41997867,0.157492,98000857,0.490004,25933597,0.129668,13235877,0.066179,5804269,0.029021,20378314668,101.891574,20423288411,102.116443
books_200M_uint32,199999999,1.000000,pgm_eps128,min_max_cutoff,0.010000,0,24891,10.761026,198000664,0.990003,1999312,0.009997,199999976,1.000000,271152034,1.355760,142224683,0.711123,36660519,0.183303,22774634211,113.873172,23224671447,116.123358
books_200M_uint32,199999999,0.750000,pgm_eps128,min_max_cutoff,0.010000,0,24891,10.772636,264667330,0.992502,1999312,0.007497,199999976,1.000000,266469885,1.332349,141935350,0.709677,36322428,0.181612,24275557849,121.377790,24720285512,123.601428
books_200M_uint32,199999999,1.000000,pgm_eps16,min_max_cutoff,0.010000,0,4204,11.308557,198016864,0.990084,1983108,0.009916,199999972,1.000000,285254370,1.426272,144748571,0.723743,46924162,0.234621,21996276969,109.981385,22473204072,112.366021
books_200M_uint32,199999999,0.750000,pgm_eps16,min_max_cutoff,0.010000,0,4204,11.319605,264683530,0.992563,1983108,0.007437,199999972,1.000000,283356333,1.416782,146543091,0.732715,47830928,0.239155,24491352551,122.456763,24969082903,124.845415
books_200M_uint32,199999999,1.000000,pgm_hash_eps128,min_max_cutoff,0.010000,0,2163,1.101532,74415763,0.372079,48304928,0.241525,122720691,0.613603,267349038,1.336745,141744205,0.708721,37049821,0.185249,20850584835,104.252925,21296727899,106.483640
books_200M_uint32,199999999,0.750000,pgm_hash_eps128,min_max_cutoff,0.010000,0,2162,1.034229,122559003,0.459596,41791698,0.156719,97684035,0.488420,261889437,1.309447,140182337,0.700912,36917207,0.184586,20406730344,102.033652,20845719325,104.228597
books_200M_uint32,199999999,1.000000,pgm_hash_eps16,min_max_cutoff,0.010000,0,689,1.091958,74529730,0.372649,48551765,0.242759,123081495,0.615407,294351615,1.471758,153677875,0.768389,50558651,0.252793,19727846726,98.639234,20226434867,101.132175
books_200M_uint32,199999999,0.750000,pgm_hash_eps16,min_max_cutoff,0.010000,0,689,1.023450,122641854,0.459907,41988392,0.157456,97963580,0.489818,282204227,1.411021,146265415,0.731327,49507632,0.247538,19804445745,99.022229,20282423019,101.412116
books_200M_uint32,199999999,1.000000,pgm_eps128,min_max_cutoff,0.100000,0,2722,3.974653,180256284,0.901281,18927139,0.094636,199183423,0.995917,2618180048,13.090900,1627934302,8.139672,371988158,1.859941,19283064227,96.415322,23901166735,119.505834
books_200M_uint32,199999999,0.750000,pgm_eps128,min_max_cutoff,0.100000,0,2722,4.005979,246922950,0.925961,18927139,0.070977,199183423,0.995917,2565938064,12.829690,1604869582,8.024348,369015000,1.845075,21096257433,105.481288,25636080079,128.180401
books_200M_uint32,199999999,1.000000,pgm_eps16,min_max_cutoff,0.100000,0,517,3.920968,180465837,0.902329,18740907,0.093705,199206744,0.996034,2631949409,13.159747,1624739725,8.123699,512580874,2.562904,25150825839,125.754130,29920095847,149.600480
books_200M_uint32,199999999,0.750000,pgm_eps16,min_max_cutoff,0.100000,0,517,3.952719,247132503,0.926747,18740907,0.070278,199206744,0.996034,2479068795,12.395344,1590863734,7.954319,500690057,2.503450,25218574038,126.092871,29789196624,148.945984
books_200M_uint32,199999999,1.000000,pgm_hash_eps128,min_max_cutoff,0.100000,0,2704,1.100610,73980141,0.369901,48434067,0.242170,122414208,0.612071,2483137681,12.415688,1585857577,7.929288,369760767,1.848804,16488894207,82.444471,20927650232,104.638252
books_200M_uint32,199999999,0.750000,pgm_hash_eps128,min_max_cutoff,0.100000,0,2704,1.034103,122057188,0.457714,41774258,0.156653,97164780,0.485824,2511940046,12.559700,1589834924,7.949175,367894098,1.839470,17662992759,88.314964,22132661827,110.663310
books_200M_uint32,199999999,1.000000,pgm_hash_eps16,min_max_cutoff,0.100000,0,90,1.091384,74639724,0.373199,48637110,0.243186,123276834,0.616384,2545871685,12.729358,1590784876,7.953924,501560856,2.507804,22059753383,110.298767,26697970800,133.489855
books_200M_uint32,199999999,0.750000,pgm_hash_eps16,min_max_cutoff,0.100000,0,90,1.022707,122738610,0.460270,42070167,0.157763,98142111,0.490711,2434456114,12.172281,1587069416,7.935347,497714380,2.488572,22843103094,114.215516,27362343004,136.811716
books_200M_uint32,199999999,1.000000,pgm_eps128,min_max_cutoff,1.000000,0,253,1.349871,74401973,0.372010,48213283,0.241066,122615256,0.613076,2759954510,13.799773,18957002512,94.785013,5240218613,26.201093,23454066174,117.270331,50411241809,252.056210
books_200M_uint32,199999999,0.750000,pgm_eps128,min_max_cutoff,1.000000,0,253,1.439497,141068638,0.529007,48213283,0.180800,122615255,0.613076,3832680628,19.163403,18886249538,94.431248,4082994255,20.414971,23290450512,116.452253,50092374933,250.461876
books_200M_uint32,199999999,1.000000,pgm_eps16,min_max_cutoff,1.000000,0,34,1.158311,73746110,0.368731,48025737,0.240129,121771847,0.608859,2589186924,12.945935,19410110698,97.050554,6288881306,31.444407,39438180205,197.190902,67726359133,338.631797
books_200M_uint32,199999999,0.750000,pgm_eps16,min_max_cutoff,1.000000,0,34,1.261620,140412775,0.526548,48025737,0.180097,121771846,0.608859,1538136532,7.690683,18971081632,94.855409,5533557676,27.667789,37081631631,185.408159,63124407471,315.622039
books_200M_uint32,199999999,1.000000,pgm_hash_eps128,min_max_cutoff,1.000000,0,75,1.084929,74101372,0.370507,48514552,0.242573,122615924,0.613080,2252324360,11.261622,20269769674,101.348849,4528448294,22.642242,23585810555,117.929053,50636352883,253.181766
books_200M_uint32,199999999,0.750000,pgm_hash_eps128,min_max_cutoff,1.000000,0,75,1.016993,122154323,0.458079,41848434,0.156932,97336091,0.486680,1602713913,8.013570,18813501362,94.067507,3937077950,19.685390,22913781687,114.568909,47267074912,236.335376
books_200M_uint32,199999999,1.000000,pgm_hash_eps16,min_max_cutoff,1.000000,0,33,1.056297,72532253,0.362661,48881843,0.244409,121414096,0.607070,1514564131,7.572821,21005765299,105.028827,6195747157,30.978736,38270907463,191.354538,66986984050,334.934922
books_200M_uint32,199999999,0.750000,pgm_hash_eps16,min_max_cutoff,1.000000,0,33,0.993230,120386248,0.451448,41642480,0.156159,95362062,0.476810,2916554653,14.582773,18417023896,92.085120,6098510231,30.492551,36758640619,183.793204,64190729399,320.953649
books_200M_uint32,199999999,0.500000,pgm_eps128,min_max_cutoff,0.001000,0,106479,32.768499,399800039,0.999500,199959,0.000500,199999999,1.000000,34440393,0.172202,12709180,0.063546,4528064,0.022640,18376352896,91.881765,18428030533,92.140153
books_200M_uint32,199999999,0.250000,pgm_eps128,min_max_cutoff,0.001000,0,106479,32.772314,799800037,0.999750,199959,0.000250,199999999,1.000000,33158217,0.165791,12695430,0.063477,4536221,0.022681,19551301260,97.756507,19601691128,98.008456
books_200M_uint32,199999999,0.500000,pgm_eps16,min_max_cutoff,0.001000,0,38766,35.193395,399801630,0.999504,198367,0.000496,199999998,1.000000,41669639,0.208348,12981958,0.064910,5849087,0.029245,24471106309,122.355532,24531606993,122.658036
books_200M_uint32,199999999,0.500000,pgm_hash_eps128,min_max_cutoff,0.001000,0,27216,2.496660,284246969,0.710617,39183186,0.097958,123430156,0.617151,84924766,0.424624,12381344,0.061907,4384620,0.021923,13251407200,66.257036,13353097930,66.765490
books_200M_uint32,199999999,0.250000,pgm_eps16,min_max_cutoff,0.001000,0,38766,35.196947,799801628,0.999752,198367,0.000248,199999998,1.000000,1016949622,5.084748,12890144,0.064451,5028499,0.025142,25652453990,128.262271,26687322255,133.436612
books_200M_uint32,199999999,0.500000,pgm_hash_eps16,min_max_cutoff,0.001000,0,6091,1.055549,232982046,0.582455,26798700,0.066997,59780747,0.298904,37903817,0.189519,14251832,0.071259,7916780,0.039584,44586054478,222.930274,44646126907,223.230636
books_200M_uint32,199999999,0.250000,pgm_hash_eps128,min_max_cutoff,0.001000,0,27216,2.520458,676564781,0.845706,34160116,0.042700,110724900,0.553625,27734290,0.138671,14091610,0.070458,6505548,0.032528,44943827206,224.719137,44992158654,224.960794
books_200M_uint32,199999999,0.500000,pgm_eps128,min_max_cutoff,0.010000,0,24891,10.784233,398000663,0.995002,1999312,0.004998,199999976,1.000000,3897870387,19.489352,134199237,0.670996,41949671,0.209748,48349531811,241.747660,52423551106,262.117757
books_200M_uint32,199999999,0.500000,pgm_eps16,min_max_cutoff,0.010000,0,4204,11.330643,398016863,0.995042,1983108,0.004958,199999972,1.000000,3346968399,16.734842,148654302,0.743272,47908496,0.239542,46091721800,230.458610,49635252997,248.176266
books_200M_uint32,199999999,0.250000,pgm_hash_eps16,min_max_cutoff,0.001000,0,6091,1.020927,608601708,0.760752,7390064,0.009238,15991775,0.079959,548090245,2.740451,14721495,0.073607,6919736,0.034599,102389977867,511.949892,102959709343,514.798549
books_200M_uint32,199999999,0.500000,pgm_hash_eps128,min_max_cutoff,0.010000,0,2162,0.989092,234666455,0.586666,27791800,0.069480,62458256,0.312291,4422737938,22.113690,136611445,0.683057,38129600,0.190648,40577337816,202.886690,45174816799,225.874085
books_200M_uint32,199999999,0.500000,pgm_hash_eps16,min_max_cutoff,0.010000,0,689,0.964659,232968023,0.582420,26774477,0.066936,59742501,0.298713,5687095524,28.435478,145945433,0.729727,49973187,0.249866,53337834899,266.689176,59220849043,296.104247
books_200M_uint32,199999999,0.250000,pgm_eps128,min_max_cutoff,0.010000,0,24891,10.795818,798000661,0.997501,1999312,0.002499,199999976,1.000000,1527611071,7.638055,140555728,0.702779,36403005,0.182015,107754481653,538.772411,109459051457,547.295260
books_200M_uint32,199999999,0.500000,pgm_eps128,min_max_cutoff,0.100000,0,2722,4.037061,380256283,0.950641,18927139,0.047318,199183423,0.995917,8805755082,44.028776,1713055908,8.565280,387881180,1.939406,59751689993,298.758451,70658382163,353.291913
books_200M_uint32,199999999,0.250000,pgm_eps16,min_max_cutoff,0.010000,0,4204,11.341669,798016861,0.997521,1983108,0.002479,199999972,1.000000,2066348680,10.331743,143353730,0.716769,46924791,0.234624,89011371383,445.056859,91267998584,456.339995
books_200M_uint32,199999999,0.500000,pgm_eps16,min_max_cutoff,0.100000,0,517,3.984218,380465836,0.951165,18740907,0.046852,199206744,0.996034,7752868386,38.764342,1651787137,8.258936,532134701,2.660674,63574458454,317.872294,73511248678,367.556245
books_200M_uint32,199999999,0.500000,pgm_hash_eps128,min_max_cutoff,0.100000,0,2704,0.978305,232485152,0.581213,26465525,0.066164,58950678,0.294753,8508601647,42.543008,1650361583,8.251808,384848285,1.924241,39728106651,198.640534,50271918166,251.359592
books_200M_uint32,199999999,0.250000,pgm_hash_eps128,min_max_cutoff,0.010000,0,2162,0.962384,612242810,0.765304,10113982,0.012642,22356795,0.111784,5271347201,26.356736,142845158,0.714226,39224544,0.196123,94142362223,470.711813,99595779126,497.978898
books_200M_uint32,199999999,0.500000,pgm_hash_eps16,min_max_cutoff,0.100000,0,90,0.963816,233044269,0.582611,26836064,0.067090,59880334,0.299402,9727040268,48.635202,1650982062,8.254910,505231822,2.526159,56787960411,283.939803,68671214563,343.356075
books_200M_uint32,199999999,0.250000,pgm_hash_eps16,min_max_cutoff,0.010000,0,689,0.926065,608544639,0.760681,7368638,0.009211,15913280,0.079566,274947480,1.374737,136765717,0.683829,46803049,0.234015,80626193259,403.130968,81084709505,405.423550
books_200M_uint32,199999999,0.500000,pgm_eps128,min_max_cutoff,1.000000,0,253,1.523861,274401971,0.686005,48213283,0.120533,122615255,0.613076,10418520027,52.092600,25168591019,125.842956,5857661878,29.288310,56348429215,281.742147,97793202139,488.966013
books_200M_uint32,199999999,0.250000,pgm_eps128,min_max_cutoff,0.100000,0,2722,4.067907,780256281,0.975320,18927139,0.023659,199183423,0.995917,5809005951,29.045030,1672504250,8.362521,383424512,1.917123,81034781381,405.173909,88899716094,444.498583
books_200M_uint32,199999999,0.500000,pgm_eps16,min_max_cutoff,1.000000,0,34,1.357087,273746108,0.684365,48025737,0.120064,121771846,0.608859,9303384851,46.516924,25611418049,128.057091,7379406349,36.897032,65079821699,325.399110,107374030948,536.870157
books_200M_uint32,199999999,0.250000,pgm_eps16,min_max_cutoff,0.100000,0,517,4.015469,780465834,0.975582,18740907,0.023426,199206744,0.996034,6864724883,34.323625,1634211724,8.171059,530913710,2.654569,84057461570,420.287310,93087311887,465.436562
books_200M_uint32,199999999,0.250000,pgm_hash_eps128,min_max_cutoff,0.100000,0,2704,0.942214,608202146,0.760253,7053647,0.008817,15255796,0.076279,7499791633,37.498958,1618206447,8.091032,394223246,1.971116,55022762527,275.113814,64534983853,322.674921
books_200M_uint32,199999999,0.500000,pgm_hash_eps128,min_max_cutoff,1.000000,0,75,0.960137,232568265,0.581421,26523921,0.066310,59092187,0.295461,5329884271,26.649421,23098089969,115.490450,6043889629,30.219448,42870122293,214.350613,77341986162,386.709933
books_200M_uint32,199999999,0.250000,pgm_hash_eps16,min_max_cutoff,0.100000,0,89,0.925282,608629971,0.760787,7436782,0.009296,16066756,0.080334,7535951368,37.679757,1631865904,8.159330,527633043,2.638165,55229501223,276.147507,64924951538,324.624759
books_200M_uint32,199999999,0.500000,pgm_hash_eps16,min_max_cutoff,1.000000,0,33,0.946190,230955508,0.577389,25571515,0.063929,56527024,0.282635,4364460730,21.822304,26033904861,130.169525,7821735570,39.108678,48047732066,240.238662,86267833227,431.339168
books_200M_uint32,199999999,0.250000,pgm_eps128,min_max_cutoff,1.000000,0,253,1.603793,674401969,0.843002,48213283,0.060267,122615255,0.613076,8591553611,42.957768,19111867292,95.559337,3999092824,19.995464,31281253532,156.406268,62983767259,314.918838
books_200M_uint32,199999999,0.250000,pgm_eps16,min_max_cutoff,1.000000,0,34,1.446266,673746106,0.842183,48025737,0.060032,121771846,0.608859,4512488503,22.562443,18262364587,91.311823,5471324099,27.356621,44849975407,224.249878,73096152596,365.480765
books_200M_uint32,199999999,0.250000,pgm_hash_eps128,min_max_cutoff,1.000000,0,75,0.923000,608246820,0.760309,7081598,0.008852,15328421,0.076642,3892130043,19.460650,18337749928,91.688750,3917254982,19.586275,28700615759,143.503080,54847750712,274.238755
books_200M_uint32,199999999,0.250000,pgm_hash_eps16,min_max_cutoff,1.000000,0,33,0.919165,607639523,0.759549,6478073,0.008098,14117599,0.070588,1881311173,9.406556,18304652102,91.523261,5443187914,27.215940,40917776280,204.588882,66546927469,332.734639
books_200M_uint64,200000000,1.000000,pgm_eps128,min_max_cutoff,0.001000,0,78141,32.606235,199800250,0.999001,199750,0.000999,200000000,1.000000,50123218,0.250616,11024363,0.055122,4098334,0.020492,16417956132,82.089781,16483202047,82.416010
books_200M_uint64,200000000,0.750000,pgm_eps128,min_max_cutoff,0.001000,0,78141,32.610069,266466916,0.999251,199750,0.000749,200000000,1.000000,69246902,0.346235,13349784,0.066749,4634852,0.023174,17268139312,86.340697,17355370850,86.776854
books_200M_uint64,200000000,1.000000,pgm_eps16,min_max_cutoff,0.001000,0,35735,35.238918,199801308,0.999007,198692,0.000993,200000000,1.000000,22759471,0.113797,12584738,0.062924,6619812,0.033099,19525919559,97.629598,19567883580,97.839418
books_200M_uint64,200000000,0.750000,pgm_eps16,min_max_cutoff,0.001000,0,35735,35.242465,266467974,0.999255,198692,0.000745,200000000,1.000000,23603885,0.118019,12761789,0.063809,7745963,0.038730,20803415231,104.017076,20847526868,104.237634
books_200M_uint64,200000000,1.000000,pgm_hash_eps128,min_max_cutoff,0.001000,0,30892,2.924378,107762664,0.538813,36710795,0.183554,144473459,0.722367,22898186,0.114491,12302170,0.061511,4658502,0.023293,14756429519,73.782148,14796288377,73.981442
books_200M_uint64,200000000,0.750000,pgm_hash_eps128,min_max_cutoff,0.001000,0,30892,2.921587,168772276,0.632896,35939332,0.134772,138044942,0.690225,27750702,0.138754,14824852,0.074124,7429245,0.037146,15896126760,79.480634,15946131559,79.730658
books_200M_uint64,200000000,1.000000,pgm_hash_eps16,min_max_cutoff,0.001000,0,12043,1.979844,97553386,0.487767,36661627,0.183308,134215013,0.671075,32824535,0.164123,14965333,0.074827,7312148,0.036561,20305895268,101.529476,20360997284,101.804986
books_200M_uint64,200000000,0.750000,pgm_hash_eps16,min_max_cutoff,0.001000,0,12043,1.913879,152482384,0.571809,34736718,0.130263,120552436,0.602762,27290539,0.136453,13392414,0.066962,6390591,0.031953,20871544939,104.357725,20918618483,104.593092
books_200M_uint64,200000000,1.000000,pgm_eps128,min_max_cutoff,0.010000,0,26033,11.210083,198001466,0.990007,1998516,0.009993,199999982,1.000000,258673723,1.293369,140519465,0.702597,36706510,0.183533,20862152452,104.310762,21298052150,106.490261
books_200M_uint64,200000000,0.750000,pgm_eps128,min_max_cutoff,0.010000,0,26033,11.221228,264668132,0.992505,1998516,0.007494,199999982,1.000000,279100441,1.395502,148801874,0.744009,37899589,0.189498,21827983441,109.139917,22293785345,111.468927
books_200M_uint64,200000000,1.000000,pgm_eps16,min_max_cutoff,0.010000,0,4022,11.327340,198016665,0.990083,1983310,0.009917,199999975,1.000000,245487944,1.227440,140795302,0.703977,46332586,0.231663,21779734293,108.898671,22212350125,111.061751
books_200M_uint64,200000000,0.750000,pgm_eps16,min_max_cutoff,0.010000,0,4022,11.338370,264683331,0.992562,1983310,0.007437,199999975,1.000000,276955651,1.384778,144473512,0.722368,54643225,0.273216,23133155247,115.665776,23609227635,118.046138
books_200M_uint64,200000000,1.000000,pgm_hash_eps128,min_max_cutoff,0.010000,0,1544,1.702185,97771823,0.488859,36549940,0.182750,134321763,0.671609,241381987,1.206910,140133437,0.700667,37400732,0.187004,20601373108,103.006866,21020289264,105.101446
books_200M_uint64,200000000,0.750000,pgm_hash_eps128,min_max_cutoff,0.010000,0,1543,1.625770,152846794,0.573175,34687538,0.130078,120867666,0.604338,338778753,1.693894,142472825,0.712364,37592287,0.187961,21440121388,107.200607,21958965253,109.794826
books_200M_uint64,200000000,1.000000,pgm_hash_eps16,min_max_cutoff,0.010000,0,555,1.693777,97572100,0.487860,36674401,0.183372,134246501,0.671233,245987830,1.229939,140394054,0.701970,50348303,0.251742,20933419000,104.667095,21370149187,106.850746
books_200M_uint64,200000000,0.750000,pgm_hash_eps16,min_max_cutoff,0.010000,0,554,1.615870,152471300,0.571767,34743843,0.130289,120548477,0.602742,283221201,1.416106,144473589,0.722368,48735414,0.243677,21263513625,106.317568,21739943829,108.699719
books_200M_uint64,200000000,1.000000,pgm_eps128,min_max_cutoff,0.100000,0,2659,4.151758,180310791,0.901554,18306656,0.091533,198617447,0.993087,2815917502,14.079588,1631457292,8.157286,376549734,1.882749,19194159152,95.970796,24018083680,120.090418
books_200M_uint64,200000000,0.750000,pgm_eps128,min_max_cutoff,0.100000,0,2659,4.181757,246977457,0.926165,18306656,0.068650,198617447,0.993087,2569773472,12.848867,1589030735,7.945154,367355730,1.836779,20448224149,102.241121,24974384086,124.871920
books_200M_uint64,200000000,1.000000,pgm_eps16,min_max_cutoff,0.100000,0,479,4.081049,180526457,0.902632,18120186,0.090601,198646643,0.993233,2763216324,13.816082,1618299204,8.091496,503332659,2.516663,25928936954,129.644685,30813785141,154.068926
books_200M_uint64,200000000,0.750000,pgm_eps16,min_max_cutoff,0.100000,0,479,4.111564,247193123,0.926974,18120186,0.067951,198646643,0.993233,2698853325,13.494267,1617066893,8.085334,505590071,2.527950,27433858082,137.169290,32255368371,161.276842
books_200M_uint64,200000000,1.000000,pgm_hash_eps128,min_max_cutoff,0.100000,0,450,1.689143,97185237,0.485926,36564955,0.182825,133750192,0.668751,2799190032,13.995950,1638968512,8.194843,385172941,1.925865,19507018126,97.535091,24330349611,121.651748
books_200M_uint64,200000000,0.750000,pgm_hash_eps128,min_max_cutoff,0.100000,0,450,1.612321,152122043,0.570458,34604379,0.129766,120059756,0.600299,2889598451,14.447992,1634840108,8.174201,380381573,1.901908,20299443044,101.497215,25204263176,126.021316
books_200M_uint64,200000000,1.000000,pgm_hash_eps16,min_max_cutoff,0.100000,0,245,1.693617,97676425,0.488382,36747512,0.183738,134423937,0.672120,2831889963,14.159450,1641454148,8.207271,506105085,2.530525,24302530488,121.512652,29281979684,146.409898
books_200M_uint64,200000000,0.750000,pgm_hash_eps16,min_max_cutoff,0.100000,0,246,1.615365,152559553,0.572098,34822161,0.130583,120715048,0.603575,2693834102,13.469171,1623447111,8.117236,505897563,2.529488,24507739880,122.538699,29330918656,146.654593
books_200M_uint64,200000000,1.000000,pgm_eps128,min_max_cutoff,1.000000,0,255,1.853862,97571334,0.487857,36394191,0.181971,133965525,0.669828,1954471032,9.772355,19617890710,98.089454,6020174999,30.100875,30837300834,154.186504,58429837575,292.149188
books_200M_uint64,200000000,0.750000,pgm_eps128,min_max_cutoff,1.000000,0,255,1.920105,164238000,0.615893,36394191,0.136478,133965525,0.669828,5085855029,25.429275,21871636871,109.358184,4708885712,23.544429,31476368898,157.381844,63142746510,315.713733
books_200M_uint64,200000000,1.000000,pgm_eps16,min_max_cutoff,1.000000,0,33,1.710657,97356293,0.486781,36599265,0.182996,133955558,0.669778,4242050980,21.210255,19574822504,97.874113,10035973862,50.179869,58365395313,291.826977,92218242659,461.091213
books_200M_uint64,200000000,0.750000,pgm_eps16,min_max_cutoff,1.000000,0,33,1.782231,164022958,0.615086,36599265,0.137247,133955557,0.669778,4356051497,21.780257,21556402522,107.782013,6143389110,30.716946,68512478026,342.562390,100568321155,502.841606
books_200M_uint64,200000000,1.000000,pgm_hash_eps128,min_max_cutoff,1.000000,0,247,1.689320,97279923,0.486400,36627712,0.183139,133907635,0.669538,5244168407,26.220842,19866252536,99.331263,5269651776,26.348259,22372544059,111.862720,52752616778,263.763084
books_200M_uint64,200000000,0.750000,pgm_hash_eps128,min_max_cutoff,1.000000,0,246,1.611918,152186722,0.570700,34669431,0.130010,120189487,0.600947,5206836702,26.034184,21043735304,105.218677,3963817237,19.819086,23626653724,118.133269,53841042967,269.205215
books_200M_uint64,200000000,1.000000,pgm_hash_eps16,min_max_cutoff,1.000000,0,33,1.654247,96183296,0.480916,37175313,0.185877,133358609,0.666793,5948048184,29.740241,19877968705,99.389844,5173380854,25.866904,40546211932,202.731060,71545609675,357.728048
books_200M_uint64,200000000,0.250000,pgm_eps128,min_max_cutoff,0.001000,0,78141,32.617734,799800250,0.999750,199750,0.000250,200000000,1.000000,509306380,2.546532,14020723,0.070104,5288805,0.026444,21821356560,109.106783,22349972468,111.749862
books_200M_uint64,200000000,0.750000,pgm_hash_eps16,min_max_cutoff,1.000000,0,33,1.579460,150890848,0.565841,35032996,0.131374,119257178,0.596286,5577521100,27.887606,18860427413,94.302137,5184735029,25.923675,50769222446,253.846112,80391905988,401.959530
books_200M_uint64,200000000,0.500000,pgm_eps128,min_max_cutoff,0.001000,0,78141,32.613902,399800250,0.999501,199750,0.000499,200000000,1.000000,626891230,3.134456,12770847,0.063854,4513272,0.022566,20146425560,100.732128,20790600909,103.953005
books_200M_uint64,200000000,0.250000,pgm_eps16,min_max_cutoff,0.001000,0,35735,35.249558,799801308,0.999752,198692,0.000248,200000000,1.000000,826688967,4.133445,16586825,0.082934,12900707,0.064504,27744677258,138.723386,28600853757,143.004269
books_200M_uint64,200000000,0.500000,pgm_eps16,min_max_cutoff,0.001000,0,35735,35.246012,399801308,0.999503,198692,0.000497,200000000,1.000000,31010676,0.155053,13218273,0.066091,7276046,0.036380,33839451230,169.197256,33890956225,169.454781
books_200M_uint64,200000000,0.500000,pgm_hash_eps128,min_max_cutoff,0.001000,0,30892,2.907809,294146358,0.735366,34407754,0.086019,128554112,0.642771,2984214080,14.921070,14171966,0.070860,4686063,0.023430,31718420411,158.592102,34721492520,173.607463
books_200M_uint64,200000000,0.250000,pgm_hash_eps128,min_max_cutoff,0.001000,0,30892,2.911934,687684873,0.859606,32600796,0.040751,120285669,0.601428,616822834,3.084114,12672097,0.063360,4619646,0.023098,59277296862,296.386484,59911411439,299.557057
books_200M_uint64,200000000,0.500000,pgm_hash_eps16,min_max_cutoff,0.001000,0,12043,1.828492,270599890,0.676500,31172945,0.077932,101772835,0.508864,1802289327,9.011447,17281584,0.086408,8089007,0.040445,54559388933,272.796945,56387048851,281.935244
books_200M_uint64,200000000,0.500000,pgm_eps128,min_max_cutoff,0.010000,0,26033,11.232362,398001466,0.995004,1998516,0.004996,199999982,1.000000,4737553621,23.687768,156059166,0.780296,45647871,0.228239,51473894528,257.369473,56413155186,282.065776
books_200M_uint64,200000000,0.500000,pgm_eps16,min_max_cutoff,0.010000,0,4022,11.349389,398016665,0.995042,1983310,0.004958,199999975,1.000000,5003868098,25.019340,156139866,0.780699,54950970,0.274755,48156940075,240.784700,53371899009,266.859495
books_200M_uint64,200000000,0.500000,pgm_hash_eps128,min_max_cutoff,0.010000,0,1543,1.541243,272430209,0.681076,31478653,0.078697,103908862,0.519544,5308113271,26.540566,149637460,0.748187,44176857,0.220884,39340219684,196.701098,44842147272,224.210736
books_200M_uint64,200000000,0.250000,pgm_hash_eps16,min_max_cutoff,0.001000,0,12043,1.707355,649005647,0.811257,24217812,0.030272,73223459,0.366117,63823768,0.319119,16420438,0.082102,7869452,0.039347,222100811158,1110.504056,222188924816,1110.944624
books_200M_uint64,200000000,0.500000,pgm_hash_eps16,min_max_cutoff,0.010000,0,554,1.513215,270542104,0.676355,31169234,0.077923,101711338,0.508557,3559610079,17.798050,135979687,0.679898,57948182,0.289741,79472664597,397.363323,83226202545,416.131013
books_200M_uint64,200000000,0.250000,pgm_eps128,min_max_cutoff,0.010000,0,26033,11.243485,798001466,0.997502,1998516,0.002498,199999982,1.000000,2027000375,10.135002,135957438,0.679787,38621561,0.193108,92565297437,462.826487,94766876811,473.834384
books_200M_uint64,200000000,0.500000,pgm_eps128,min_max_cutoff,0.100000,0,2659,4.211543,380310791,0.950777,18306656,0.045767,198617447,0.993087,12301202030,61.506010,1580811566,7.904058,386157496,1.930787,65041433413,325.207167,79309604505,396.548023
books_200M_uint64,200000000,0.500000,pgm_eps16,min_max_cutoff,0.100000,0,479,4.141855,380526457,0.951316,18120186,0.045300,198646643,0.993233,7608547836,38.042739,1649310122,8.246551,508878025,2.544390,84174424144,420.872121,93941160127,469.705801
books_200M_uint64,200000000,0.250000,pgm_eps16,min_max_cutoff,0.010000,0,4022,11.360398,798016665,0.997521,1983310,0.002479,199999975,1.000000,2866138204,14.330691,147576211,0.737881,47217977,0.236090,160363730321,801.818652,163424662713,817.123314
books_200M_uint64,200000000,0.500000,pgm_hash_eps128,min_max_cutoff,0.100000,0,450,1.510759,270251102,0.675628,31012061,0.077530,101263163,0.506316,8836267401,44.181337,1649174280,8.245871,408370552,2.041853,48600840493,243.004202,59494652726,297.473264
books_200M_uint64,200000000,0.500000,pgm_hash_eps16,min_max_cutoff,0.100000,0,245,1.512834,270610591,0.676526,31239210,0.078098,101849801,0.509249,6940470802,34.702354,1644492567,8.222463,531410130,2.657051,55134369987,275.671850,64250743486,321.253717
books_200M_uint64,200000000,0.250000,pgm_hash_eps128,min_max_cutoff,0.010000,0,1543,1.430000,654521763,0.818152,25977027,0.032471,80498790,0.402494,294948323,1.474742,152018735,0.760094,40089417,0.200447,164832828935,824.164145,165319885410,826.599427
books_200M_uint64,200000000,0.500000,pgm_eps128,min_max_cutoff,1.000000,0,255,1.984138,297571334,0.743928,36394191,0.090985,133965525,0.669828,10916078734,54.580394,29654446041,148.272230,10433959057,52.169795,572471274910,2862.356375,623475758742,3117.378794
books_200M_uint64,200000000,0.250000,pgm_hash_eps16,min_max_cutoff,0.010000,0,554,1.362779,648780426,0.810976,24159906,0.030200,72940332,0.364702,5141383207,25.706916,148503717,0.742519,51236429,0.256182,630283436411,3151.417182,635624559764,3178.122799
books_200M_uint64,200000000,0.500000,pgm_eps16,min_max_cutoff,1.000000,0,33,1.851039,297356292,0.743391,36599265,0.091498,133955557,0.669778,9569134230,47.845671,31814418066,159.072090,9498738841,47.493694,87097254892,435.486274,137979546029,689.897730
books_200M_uint64,200000000,0.250000,pgm_eps128,min_max_cutoff,0.100000,0,2659,4.241119,780310791,0.975388,18306656,0.022883,198617447,0.993087,8752400106,43.762001,1639595095,8.197975,404321959,2.021610,122161200272,610.806001,132957517432,664.787587
books_200M_uint64,200000000,0.500000,pgm_hash_eps128,min_max_cutoff,1.000000,0,246,1.510404,270291654,0.675729,31059339,0.077648,101350993,0.506755,11949118220,59.745591,29715301954,148.576510,9056833537,45.284168,66033663234,330.168316,116754916945,583.774585
books_200M_uint64,200000000,0.250000,pgm_eps16,min_max_cutoff,0.100000,0,479,4.171925,780526457,0.975658,18120186,0.022650,198646643,0.993233,8020372489,40.101862,1635042235,8.175211,504627423,2.523137,143362849048,716.814245,153522891195,767.614456
books_200M_uint64,200000000,0.500000,pgm_hash_eps16,min_max_cutoff,1.000000,0,33,1.485788,269104986,0.672762,31197609,0.077994,100302595,0.501513,11627031800,58.135159,33801800441,169.009002,10979024361,54.895122,92507950061,462.539750,148915806663,744.579033
books_200M_uint64,200000000,0.250000,pgm_hash_eps128,min_max_cutoff,0.100000,0,450,1.361936,648632756,0.810791,24030435,0.030038,72663191,0.363316,7434791522,37.173958,1640604138,8.203021,388804992,1.944025,74155320335,370.776602,83619520987,418.097605
books_200M_uint64,200000000,0.250000,pgm_hash_eps16,min_max_cutoff,0.100000,0,245,1.362113,648811343,0.811014,24202427,0.030253,73013770,0.365069,2708751122,13.543756,1592047979,7.960240,498576583,2.492883,24682686611,123.413433,29482062295,147.410311
books_200M_uint64,200000000,0.250000,pgm_eps128,min_max_cutoff,1.000000,0,255,2.046168,697571334,0.871964,36394191,0.045493,133965525,0.669828,1735541007,8.677705,18059768317,90.298842,3812194033,19.060970,64764277404,323.821387,88371780761,441.858904
books_200M_uint64,200000000,0.250000,pgm_eps16,min_max_cutoff,1.000000,0,33,1.917380,697356292,0.871695,36599265,0.045749,133955557,0.669778,3058065749,15.290329,18284463117,91.422316,5102309005,25.511545,70857238484,354.286192,97302076355,486.510382
books_200M_uint64,200000000,0.250000,pgm_hash_eps128,min_max_cutoff,1.000000,0,246,1.360833,648604051,0.810755,24057844,0.030072,72661895,0.363309,4034668949,20.173345,18116847630,90.584238,3859407739,19.297039,58792224705,293.961124,84803149023,424.015745
books_200M_uint64,200000000,0.250000,pgm_hash_eps16,min_max_cutoff,1.000000,0,30,1.343507,647542020,0.809428,23944767,0.029931,71486787,0.357434,2376943802,11.884719,18143491985,90.717460,5115460907,25.577305,48898076110,244.490381,74533972804,372.669864
fb_200M_uint64,200000000,1.000000,pgm_eps128,min_max_cutoff,0.001000,0,127416,40.017813,199800493,0.999002,199492,0.000997,199999985,1.000000,22799775,0.113999,12768589,0.063843,4265350,0.021327,16235613314,81.178067,16275447028,81.377235
fb_200M_uint64,200000000,0.750000,pgm_eps128,min_max_cutoff,0.001000,0,127416,40.020936,266467159,0.999252,199492,0.000748,199999985,1.000000,42329175,0.211646,13891402,0.069457,4741514,0.023708,16836478923,84.182395,16897441014,84.487205
fb_200M_uint64,200000000,1.000000,pgm_eps16,min_max_cutoff,0.001000,0,35586,41.211540,199802353,0.999012,197638,0.000988,199999991,1.000000,25052664,0.125263,12645422,0.063227,6687804,0.033439,18048737435,90.243687,18093123325,90.465617
fb_200M_uint64,200000000,0.750000,pgm_eps16,min_max_cutoff,0.001000,0,35586,41.214573,266469019,0.999259,197638,0.000741,199999991,1.000000,25625032,0.128125,13756296,0.068781,7428970,0.037145,19157277276,95.786386,19204087574,96.020438
fb_200M_uint64,200000000,1.000000,pgm_hash_eps128,min_max_cutoff,0.001000,0,17939,5.053554,159166713,0.795834,20736061,0.103680,179902774,0.899514,28689288,0.143446,13940535,0.069703,3957852,0.019789,15629097789,78.145489,15675685464,78.378427
fb_200M_uint64,200000000,0.750000,pgm_hash_eps128,min_max_cutoff,0.001000,0,17939,5.021995,224249060,0.840934,21048703,0.078933,178631097,0.893155,29017815,0.145089,15026051,0.075130,5128577,0.025643,15923801038,79.619005,15972973481,79.864867
fb_200M_uint64,200000000,1.000000,pgm_hash_eps16,min_max_cutoff,0.001000,0,11990,3.816210,145643756,0.728219,24804813,0.124024,170448569,0.852243,24379431,0.121897,13429506,0.067148,7438383,0.037192,15621137920,78.105690,15666385240,78.331926
fb_200M_uint64,200000000,0.750000,pgm_hash_eps16,min_max_cutoff,0.001000,0,11990,3.515879,205060916,0.768978,26218192,0.098318,164612442,0.823062,28714594,0.143573,14377171,0.071886,8015623,0.040078,16048233059,80.241165,16099340447,80.496702
fb_200M_uint64,200000000,1.000000,pgm_eps128,min_max_cutoff,0.010000,0,26253,19.128213,198055822,0.990279,1875550,0.009378,199931372,0.999657,283502538,1.417513,144423331,0.722117,39630357,0.198152,21528857659,107.644288,21996413885,109.982069
fb_200M_uint64,200000000,0.750000,pgm_eps128,min_max_cutoff,0.010000,0,26253,19.134747,264722488,0.992709,1875550,0.007033,199931372,0.999657,319951334,1.599757,145733923,0.728670,39614138,0.198071,22267167700,111.335838,22772467095,113.862335
fb_200M_uint64,200000000,1.000000,pgm_eps16,min_max_cutoff,0.010000,0,4447,18.009891,198122317,0.990612,1818635,0.009093,199940952,0.999705,255132720,1.275664,145977695,0.729888,64984259,0.324921,22398613187,111.993066,22864707861,114.323539
fb_200M_uint64,200000000,0.750000,pgm_eps16,min_max_cutoff,0.010000,0,4447,18.016830,264788983,0.992959,1818635,0.006820,199940952,0.999705,281222970,1.406115,143946576,0.719733,65853716,0.329269,23330451241,116.652256,23821474503,119.107373
fb_200M_uint64,200000000,1.000000,pgm_hash_eps128,min_max_cutoff,0.010000,0,1580,3.675733,145538733,0.727694,24806884,0.124034,170345617,0.851728,261271198,1.306356,142396150,0.711981,39162038,0.195810,19717684550,98.588423,20160513936,100.802570
fb_200M_uint64,200000000,0.750000,pgm_hash_eps128,min_max_cutoff,0.010000,0,1580,3.364228,204969492,0.768636,26210669,0.098290,164513495,0.822567,278696207,1.393481,142278055,0.711390,39434707,0.197174,20589989099,102.949945,21050398068,105.251990
fb_200M_uint64,200000000,1.000000,pgm_hash_eps16,min_max_cutoff,0.010000,0,190,3.653227,145341246,0.726706,25052976,0.125265,170394222,0.851971,267360667,1.336803,140527368,0.702637,57456050,0.287280,20976633374,104.883167,21441977459,107.209887
fb_200M_uint64,200000000,0.750000,pgm_hash_eps16,min_max_cutoff,0.010000,0,150,3.342322,204682017,0.767558,26459268,0.099222,164474619,0.822373,270609447,1.353047,141114966,0.705575,58869641,0.294348,21191235271,105.956176,21661829325,108.309147
fb_200M_uint64,200000000,1.000000,pgm_eps128,min_max_cutoff,0.100000,0,2692,9.184197,186241123,0.931206,10228071,0.051140,196469194,0.982346,2758246925,13.791235,1630942500,8.154713,521440518,2.607203,25066736735,125.333684,29977366678,149.886833
fb_200M_uint64,200000000,0.750000,pgm_eps128,min_max_cutoff,0.100000,0,2692,9.197798,252907789,0.948404,10228071,0.038355,196469194,0.982346,2731128329,13.655642,1621484052,8.107420,525122079,2.625610,26462432685,132.312163,31340167145,156.700836
fb_200M_uint64,200000000,1.000000,pgm_eps16,min_max_cutoff,0.100000,0,517,7.236249,185471860,0.927359,11382827,0.056914,196854687,0.984273,2773052142,13.865261,1641171649,8.205858,722202545,3.611013,34357259749,171.786299,39493686085,197.468430
fb_200M_uint64,200000000,0.750000,pgm_eps16,min_max_cutoff,0.100000,0,517,7.253503,252138526,0.945519,11382827,0.042686,196854687,0.984273,2884403250,14.422016,1632747524,8.163738,701845379,3.509227,34660089066,173.300445,39879085219,199.395426
fb_200M_uint64,200000000,1.000000,pgm_hash_eps128,min_max_cutoff,0.100000,0,206,3.652211,145341084,0.726705,25045649,0.125228,170386733,0.851934,2786565629,13.932828,1628729594,8.143648,528354550,2.641773,21664985554,108.324928,26608635327,133.043177
fb_200M_uint64,200000000,0.750000,pgm_hash_eps128,min_max_cutoff,0.100000,0,169,3.341996,204685259,0.767570,26450040,0.099188,164468633,0.822343,2395221294,11.976106,1572230572,7.861153,515283085,2.576415,23275559772,116.377799,27758294723,138.791474
fb_200M_uint64,200000000,1.000000,pgm_hash_eps16,min_max_cutoff,0.100000,0,293,3.245953,138303519,0.691518,28051332,0.140257,166354851,0.831774,2710088044,13.550440,1619575861,8.097879,702101756,3.510509,32228486160,161.142431,37260251821,186.301259
fb_200M_uint64,200000000,0.750000,pgm_hash_eps16,min_max_cutoff,0.100000,0,243,2.977264,196759349,0.737848,29289046,0.109834,159381729,0.796909,2797962675,13.989813,1637757166,8.188786,700391959,3.501960,32611737080,163.058685,37747848880,188.739244
fb_200M_uint64,200000000,1.000000,pgm_eps128,min_max_cutoff,1.000000,0,257,3.554160,140351541,0.701758,27360136,0.136801,167711677,0.838558,1376589040,6.882945,20399151829,101.995759,7317119450,36.585597,37431360830,187.156804,66524221149,332.621106
fb_200M_uint64,200000000,0.750000,pgm_eps128,min_max_cutoff,1.000000,0,257,3.589157,207018206,0.776318,27360136,0.102601,167711676,0.838558,2396829930,11.984150,19398015870,96.990079,5999819053,29.999095,36240173577,181.200868,64034838430,320.174192
fb_200M_uint64,200000000,1.000000,pgm_eps16,min_max_cutoff,1.000000,0,34,2.236668,121260631,0.606303,35424097,0.177120,156684728,0.783424,3138482139,15.692411,22043768020,110.218840,7787940971,38.939705,53940543102,269.702716,86910734232,434.553671
fb_200M_uint64,200000000,0.750000,pgm_eps16,min_max_cutoff,1.000000,0,34,2.291873,187927296,0.704727,35424097,0.132840,156684727,0.783424,1994770094,9.973850,20692524676,103.462623,7322432270,36.612161,50007017878,250.035089,80016744918,400.083725
fb_200M_uint64,200000000,1.000000,pgm_hash_eps128,min_max_cutoff,1.000000,0,257,3.182209,137991242,0.689956,28354980,0.141775,166346222,0.831731,1813904206,9.069521,23024183138,115.120916,6712969243,33.564846,40184774414,200.923872,71735831001,358.679155
fb_200M_uint64,200000000,0.750000,pgm_hash_eps128,min_max_cutoff,1.000000,0,249,2.919778,196336992,0.736264,29614375,0.111054,159284701,0.796424,3029234802,15.146174,18696687173,93.483436,6466083616,32.330418,39168105775,195.840529,67360111366,336.800557
fb_200M_uint64,200000000,1.000000,pgm_hash_eps16,min_max_cutoff,1.000000,0,34,2.136008,118168941,0.590845,36540013,0.182700,154708954,0.773545,1817077050,9.085385,20522892492,102.614462,7505905187,37.529526,52674785411,263.373927,82520660140,412.603301
fb_200M_uint64,200000000,0.750000,pgm_hash_eps16,min_max_cutoff,1.000000,0,34,1.986923,173737740,0.651517,36874911,0.138281,143945985,0.719730,2794525555,13.972628,18587963491,92.939817,7008137228,35.040686,52692664268,263.463321,81083290542,405.416453
fb_200M_uint64,200000000,0.500000,pgm_eps128,min_max_cutoff,0.001000,0,127416,40.024060,399800493,0.999501,199492,0.000499,199999985,1.000000,28661039,0.143305,11640469,0.058202,4548865,0.022744,22699232872,113.496164,22744083245,113.720416
fb_200M_uint64,200000000,0.250000,pgm_eps128,min_max_cutoff,0.001000,0,127416,40.027183,799800493,0.999751,199492,0.000249,199999985,1.000000,28098888,0.140494,12657628,0.063288,3981493,0.019907,19562439792,97.812199,19607177801,98.035889
fb_200M_uint64,200000000,0.500000,pgm_eps16,min_max_cutoff,0.001000,0,35586,41.217606,399802353,0.999506,197638,0.000494,199999991,1.000000,71547493,0.357737,12621218,0.063106,4803965,0.024020,24457919827,122.289599,24546892503,122.734463
fb_200M_uint64,200000000,0.250000,pgm_eps16,min_max_cutoff,0.001000,0,35586,41.220638,799802353,0.999753,197638,0.000247,199999991,1.000000,630462157,3.152311,12577868,0.062889,5322395,0.026612,21355333895,106.776669,22003696315,110.018482
fb_200M_uint64,200000000,0.500000,pgm_hash_eps128,min_max_cutoff,0.001000,0,17939,4.979729,355221234,0.888053,21436124,0.053590,176657358,0.883287,259936211,1.299681,11887742,0.059439,3503002,0.017515,26817921966,134.089610,27093248921,135.466245
fb_200M_uint64,200000000,0.250000,pgm_hash_eps128,min_max_cutoff,0.001000,0,17939,4.964956,753034690,0.941293,21647026,0.027059,174681716,0.873409,61704318,0.308522,12247086,0.061235,3854421,0.019272,31974283647,159.871418,32052089472,160.260447
fb_200M_uint64,200000000,0.500000,pgm_hash_eps16,min_max_cutoff,0.001000,0,11990,3.140667,327563328,0.818908,27848205,0.069621,155411533,0.777058,1981948704,9.909744,13349840,0.066749,7355919,0.036780,27845118971,139.225595,29847773434,149.238867
fb_200M_uint64,200000000,0.250000,pgm_hash_eps16,min_max_cutoff,0.001000,0,11990,2.616048,707871103,0.884839,29502157,0.036878,137373260,0.686866,772185152,3.860926,13827149,0.069136,7772451,0.038862,38415057810,192.075289,39208842562,196.044213
fb_200M_uint64,200000000,0.500000,pgm_eps128,min_max_cutoff,0.010000,0,26253,19.141279,398055822,0.995140,1875550,0.004689,199931372,0.999657,5296182914,26.480915,145237544,0.726188,40444772,0.202224,41317537760,206.587689,46799402990,233.997015
fb_200M_uint64,200000000,0.500000,pgm_eps16,min_max_cutoff,0.010000,0,4447,18.023767,398122317,0.995306,1818635,0.004547,199940952,0.999705,3714591053,18.572955,146801730,0.734009,64421130,0.322106,38817795066,194.088975,42743608979,213.718045
fb_200M_uint64,200000000,0.250000,pgm_eps128,min_max_cutoff,0.010000,0,26253,19.147808,798055822,0.997570,1875550,0.002344,199931372,0.999657,3097059218,15.485296,143904739,0.719524,46639609,0.233198,59687450055,298.437250,62975053621,314.875268
fb_200M_uint64,200000000,0.500000,pgm_hash_eps128,min_max_cutoff,0.010000,0,1580,2.970673,327480431,0.818701,27834740,0.069587,155315171,0.776576,4142006829,20.710034,135850777,0.679254,39768048,0.198840,42107574012,210.537870,46425199666,232.125998
fb_200M_uint64,200000000,0.250000,pgm_eps16,min_max_cutoff,0.010000,0,4447,18.030701,798122317,0.997653,1818635,0.002273,199940952,0.999705,656971136,3.284856,135905370,0.679527,60412822,0.302064,43323713323,216.618567,44177002651,220.885013
fb_200M_uint64,200000000,0.500000,pgm_hash_eps16,min_max_cutoff,0.010000,0,133,2.950297,327080541,0.817701,28068381,0.070171,155148922,0.775745,4630543542,23.152718,136567417,0.682837,69809591,0.349048,48084796788,240.423984,52921717338,264.608587
fb_200M_uint64,200000000,0.250000,pgm_hash_eps128,min_max_cutoff,0.010000,0,1580,2.417320,707965144,0.884956,29451698,0.036815,137416842,0.687084,378600318,1.893002,136595502,0.682978,40929510,0.204648,50583270406,252.916352,51139395736,255.696979
fb_200M_uint64,200000000,0.500000,pgm_eps128,min_max_cutoff,0.100000,0,2692,9.211378,386241123,0.965603,10228071,0.025570,196469194,0.982346,7639967159,38.199836,1621192439,8.105962,526917110,2.634586,46524794271,232.623971,56312870979,281.564355
fb_200M_uint64,200000000,0.250000,pgm_hash_eps16,min_max_cutoff,0.010000,0,83,2.390219,707192483,0.883991,29659109,0.037074,136851592,0.684258,1319487858,6.597439,145002399,0.725012,67186866,0.335934,54294063360,271.470317,55825740483,279.128702
fb_200M_uint64,200000000,0.500000,pgm_eps16,min_max_cutoff,0.100000,0,517,7.270715,385471860,0.963680,11382827,0.028457,196854687,0.984273,7083689494,35.418447,1693781923,8.468910,784549382,3.922747,64955602625,324.778013,74517623424,372.588117
fb_200M_uint64,200000000,0.250000,pgm_eps128,min_max_cutoff,0.100000,0,2692,9.224938,786241123,0.982801,10228071,0.012785,196469194,0.982346,2529865640,12.649328,1701063469,8.505317,536012971,2.680065,60419911621,302.099558,65186853701,325.934269
fb_200M_uint64,200000000,0.500000,pgm_hash_eps128,min_max_cutoff,0.100000,0,145,2.950337,327087880,0.817720,28053815,0.070135,155141695,0.775708,6817050285,34.085251,1619685755,8.098429,544504899,2.722524,69445270447,347.226352,78426511386,392.132557
fb_200M_uint64,200000000,0.250000,pgm_eps16,min_max_cutoff,0.100000,0,517,7.287887,785471860,0.981840,11382827,0.014229,196854687,0.984273,3065926588,15.329633,1619381077,8.096905,848581150,4.242906,77672364621,388.361823,83206253436,416.031267
fb_200M_uint64,200000000,0.500000,pgm_hash_eps16,min_max_cutoff,0.100000,0,260,2.651077,318150809,0.795377,30422792,0.076057,148573601,0.742868,8700862582,43.504313,1616932097,8.084660,726685081,3.633425,56251294746,281.256474,67295774506,336.478873
fb_200M_uint64,200000000,0.250000,pgm_hash_eps128,min_max_cutoff,0.100000,0,90,2.390406,707211549,0.884014,29650687,0.037063,136862236,0.684311,6290771014,31.453855,1626962487,8.134812,528010431,2.640052,61456367467,307.281837,69902111399,349.510557
fb_200M_uint64,200000000,0.500000,pgm_eps128,min_max_cutoff,1.000000,0,257,3.623817,340351540,0.850879,27360136,0.068400,167711676,0.838558,9074671281,45.373356,27436320166,137.181601,9321453855,46.607269,76371171666,381.855858,122203616968,611.018085
fb_200M_uint64,200000000,0.250000,pgm_hash_eps16,min_max_cutoff,0.100000,0,149,2.171375,696883252,0.871104,30920634,0.038651,127803886,0.639019,5883463805,29.417319,1633439748,8.167199,721534249,3.607671,118853529746,594.267649,127091967548,635.459838
fb_200M_uint64,200000000,0.500000,pgm_eps16,min_max_cutoff,1.000000,0,34,2.345780,321260630,0.803152,35424097,0.088560,156684727,0.783424,9766114932,48.830575,30802458021,154.012290,8065019326,40.325097,76874947622,384.374738,125508539901,627.542700
fb_200M_uint64,200000000,0.250000,pgm_eps128,min_max_cutoff,1.000000,0,257,3.658149,740351540,0.925439,27360136,0.034200,167711676,0.838558,7924506352,39.622532,19742602452,98.713012,8178281386,40.891407,101045965959,505.229830,136891356149,684.456781
fb_200M_uint64,200000000,0.500000,pgm_hash_eps128,min_max_cutoff,1.000000,0,182,2.606634,317627936,0.794070,30747756,0.076869,148375692,0.741878,9274384106,46.371921,28961638424,144.808192,8946847748,44.734239,37469284359,187.346422,84652154637,423.260773
fb_200M_uint64,200000000,0.250000,pgm_eps16,min_max_cutoff,1.000000,0,34,2.398475,721260630,0.901576,35424097,0.044280,156684727,0.783424,8520788996,42.603945,19345553521,96.727768,6979873404,34.899367,91887659252,459.438296,126733875173,633.669376
fb_200M_uint64,200000000,0.500000,pgm_hash_eps16,min_max_cutoff,1.000000,0,33,1.841675,292914830,0.732287,35714012,0.089285,128628842,0.643144,11805070258,59.025351,30249990477,151.249952,9978473393,49.892367,59379182283,296.895911,111412716411,557.063582
fb_200M_uint64,200000000,0.250000,pgm_hash_eps128,min_max_cutoff,1.000000,0,142,2.140071,696147020,0.870184,31202548,0.039003,127349568,0.636748,8665000848,43.325004,19304172270,96.520861,6003154596,30.015773,33553160234,167.765801,67525487948,337.627440
fb_200M_uint64,200000000,0.250000,pgm_hash_eps16,min_max_cutoff,1.000000,0,33,1.589769,668846689,0.836058,31472571,0.039341,100319260,0.501596,5091799172,25.458996,18064733555,90.323668,6856809168,34.284046,49226900738,246.134504,79240242633,396.201213
osm_cellids_200M_uint64,200000000,1.000000,pgm_eps128,min_max_cutoff,0.001000,0,269950,109.128268,199842819,0.999214,154356,0.000772,199997175,0.999986,30057627,0.150288,11062236,0.055311,6875356,0.034377,17087883126,85.439416,17135878345,85.679392
osm_cellids_200M_uint64,200000000,0.750000,pgm_eps128,min_max_cutoff,0.001000,0,269950,109.129414,266509485,0.999411,154356,0.000579,199997175,0.999986,42357242,0.211786,12683504,0.063418,8941088,0.044705,17571729168,87.858646,17635711002,88.178555
osm_cellids_200M_uint64,200000000,1.000000,pgm_eps16,min_max_cutoff,0.001000,0,47283,62.603201,199824807,0.999124,173545,0.000868,199998352,0.999992,19978108,0.099891,10959926,0.054800,7813147,0.039066,23796141696,118.980708,23834892877,119.174464
osm_cellids_200M_uint64,200000000,0.750000,pgm_eps16,min_max_cutoff,0.001000,0,47283,62.605197,266491473,0.999343,173545,0.000651,199998352,0.999992,25054975,0.125275,12317385,0.061587,9989839,0.049949,24521258560,122.606293,24568620759,122.843104
osm_cellids_200M_uint64,200000000,1.000000,pgm_hash_eps128,min_max_cutoff,0.001000,0,31210,9.098185,144159598,0.720798,28212961,0.141065,172372559,0.861863,21555642,0.107778,12565222,0.062826,7874102,0.039371,18368029840,91.840149,18410024806,92.050124
osm_cellids_200M_uint64,200000000,0.750000,pgm_hash_eps128,min_max_cutoff,0.001000,0,23492,8.123655,202662782,0.759985,29674142,0.111278,165670258,0.828351,25979651,0.129898,12465805,0.062329,8745657,0.043728,19358579944,96.792900,19405771057,97.028855
osm_cellids_200M_uint64,200000000,1.000000,pgm_hash_eps16,min_max_cutoff,0.001000,0,18443,6.132247,133445151,0.667226,32836111,0.164181,166281262,0.831406,22762020,0.113810,12415797,0.062079,9103692,0.045518,22991888889,114.959444,23036170398,115.180852
osm_cellids_200M_uint64,200000000,0.750000,pgm_hash_eps16,min_max_cutoff,0.001000,0,15483,5.526447,190561932,0.714607,33868274,0.127006,157763540,0.788818,26682853,0.133414,12659366,0.063297,9843802,0.049219,23312937117,116.564686,23362123138,116.810616
osm_cellids_200M_uint64,200000000,1.000000,pgm_eps128,min_max_cutoff,0.010000,0,26971,32.061009,198339202,0.991696,1637060,0.008185,199976262,0.999881,251314983,1.256575,138025147,0.690126,60008355,0.300042,22987527673,114.937638,23436876158,117.184381
osm_cellids_200M_uint64,200000000,0.750000,pgm_eps128,min_max_cutoff,0.010000,0,26971,32.064907,265005868,0.993772,1637060,0.006139,199976262,0.999881,274745773,1.373729,144055178,0.720276,60718201,0.303591,23680106560,118.400533,24159625712,120.798129
osm_cellids_200M_uint64,200000000,1.000000,pgm_eps16,min_max_cutoff,0.010000,0,4747,18.785099,198211327,0.991057,1772961,0.008865,199984288,0.999921,236324224,1.181621,137041361,0.685207,65899028,0.329495,26002193978,130.010970,26441458591,132.207293
osm_cellids_200M_uint64,200000000,0.750000,pgm_eps16,min_max_cutoff,0.010000,0,4747,18.791752,264877993,0.993292,1772961,0.006649,199984288,0.999921,262638027,1.313190,142706713,0.713534,67111790,0.335559,27375541874,136.877709,27847998404,139.239992
osm_cellids_200M_uint64,200000000,1.000000,pgm_hash_eps128,min_max_cutoff,0.010000,0,8714,5.580219,132775945,0.663880,33184334,0.165922,165960279,0.829801,232590883,1.162954,139726135,0.698631,59449678,0.297248,22170701603,110.853508,22602468299,113.012341
osm_cellids_200M_uint64,200000000,0.750000,pgm_hash_eps128,min_max_cutoff,0.010000,0,9483,5.056401,189790623,0.711715,34196310,0.128236,157320267,0.786601,268285012,1.341425,139616243,0.698081,60498678,0.302493,22818564209,114.092821,23286964142,116.434821
osm_cellids_200M_uint64,200000000,1.000000,pgm_hash_eps16,min_max_cutoff,0.010000,0,3462,3.641812,121788915,0.608945,38032194,0.190161,159821109,0.799106,234037193,1.170186,139984019,0.699920,65904993,0.329525,24477229710,122.386149,24917155915,124.585780
osm_cellids_200M_uint64,200000000,0.750000,pgm_hash_eps16,min_max_cutoff,0.010000,0,3462,3.329281,177299547,0.664873,38278927,0.143546,148911808,0.744559,267202210,1.336011,140479972,0.702400,66833183,0.334166,25387406710,126.937034,25861922075,129.309610
osm_cellids_200M_uint64,200000000,1.000000,pgm_eps128,min_max_cutoff,0.100000,0,2978,9.502485,184264960,0.921325,14044980,0.070225,198309940,0.991550,2673351314,13.366757,1619449600,8.097248,600998917,3.004995,25895163182,129.475816,30788963013,153.944815
osm_cellids_200M_uint64,200000000,0.750000,pgm_eps128,min_max_cutoff,0.100000,0,2978,9.515630,250931626,0.940994,14044980,0.052669,198309940,0.991550,2683691820,13.418459,1615399276,8.076996,600839496,3.004197,27222522489,136.112612,32122453081,160.612265
osm_cellids_200M_uint64,200000000,1.000000,pgm_eps16,min_max_cutoff,0.100000,0,516,5.724421,183020402,0.915102,15652369,0.078262,198672771,0.993364,2633710198,13.168551,1615020222,8.075101,671784563,3.358923,36735881946,183.679410,41656396929,208.281985
osm_cellids_200M_uint64,200000000,0.750000,pgm_eps16,min_max_cutoff,0.100000,0,516,5.746216,249687068,0.936327,15652369,0.058696,198672771,0.993364,2687711821,13.438559,1620735031,8.103675,675291590,3.376458,37799488130,188.997441,42783226572,213.916133
osm_cellids_200M_uint64,200000000,1.000000,pgm_hash_eps128,min_max_cutoff,0.100000,0,2744,3.481954,121204808,0.606024,38403558,0.192018,159608366,0.798042,2714068988,13.570345,1627688568,8.138443,605488225,3.027441,24363847096,121.819235,29311092877,146.555464
osm_cellids_200M_uint64,200000000,0.750000,pgm_hash_eps128,min_max_cutoff,0.100000,0,2746,3.175931,176601705,0.662256,38615837,0.144809,148550876,0.742754,2604401389,13.022007,1615903117,8.079516,605072208,3.025361,25734303191,128.671516,30559679905,152.798400
osm_cellids_200M_uint64,200000000,1.000000,pgm_hash_eps16,min_max_cutoff,0.100000,0,478,2.252493,109845233,0.549226,42923795,0.214619,152769028,0.763845,2657161372,13.285807,1622344321,8.111722,708391063,3.541955,35407085002,177.035425,40394981758,201.974909
osm_cellids_200M_uint64,200000000,0.750000,pgm_hash_eps16,min_max_cutoff,0.100000,0,482,2.072553,163765018,0.614119,41853199,0.156949,138951551,0.694758,2728992029,13.644960,1620390078,8.101950,672883812,3.364419,36201623793,181.008119,41223889712,206.119449
osm_cellids_200M_uint64,200000000,1.000000,pgm_eps128,min_max_cutoff,1.000000,0,257,2.748771,111359833,0.556799,42071167,0.210356,153431000,0.767155,1751466489,8.757332,20918150591,104.590753,8549743858,42.748719,40003381202,200.016906,71222742140,356.113711
osm_cellids_200M_uint64,200000000,0.750000,pgm_eps128,min_max_cutoff,1.000000,0,257,2.793876,178026499,0.667599,42071167,0.157767,153431000,0.767155,3136975107,15.684876,20199737416,100.998687,6070501615,30.352508,39787167168,198.935836,69194381306,345.971907
osm_cellids_200M_uint64,200000000,1.000000,pgm_eps16,min_max_cutoff,1.000000,0,34,1.654456,98107118,0.490536,46257615,0.231288,144364733,0.721824,2807002090,14.035010,19240831650,96.204158,7574453469,37.872267,60962088138,304.810441,90584375347,452.921877
osm_cellids_200M_uint64,200000000,0.750000,pgm_eps16,min_max_cutoff,1.000000,0,34,1.728359,164773783,0.617902,46257615,0.173466,144364732,0.721824,3611126539,18.055633,18851125857,94.255629,7035202109,35.176011,62168504411,310.842522,91665958916,458.329795
osm_cellids_200M_uint64,200000000,1.000000,pgm_hash_eps128,min_max_cutoff,1.000000,0,258,2.175406,109328746,0.546644,43331388,0.216657,152660134,0.763301,4073779100,20.368895,19208568435,96.042842,6377604812,31.888024,35994880399,179.974402,65654832746,328.274164
osm_cellids_200M_uint64,200000000,0.750000,pgm_hash_eps128,min_max_cutoff,1.000000,0,257,2.005593,163123782,0.611714,42194688,0.158230,138651804,0.693259,3568767992,17.843840,20051933453,100.259667,7446873870,37.234369,38658300297,193.291501,69725875612,348.629378
osm_cellids_200M_uint64,200000000,1.000000,pgm_hash_eps16,min_max_cutoff,1.000000,0,34,1.522577,95720183,0.478601,47611784,0.238059,143331967,0.716660,2920266052,14.601330,19803629339,99.018147,10427027204,52.135136,62395591491,311.977957,95546514086,477.732570
osm_cellids_200M_uint64,200000000,0.750000,pgm_hash_eps16,min_max_cutoff,1.000000,0,34,1.429323,147851147,0.554442,44357869,0.166342,125542350,0.627712,4642050359,23.210252,20466182463,102.330912,6939823436,34.699117,62203335518,311.016678,94251391776,471.256959
osm_cellids_200M_uint64,200000000,0.500000,pgm_eps128,min_max_cutoff,0.001000,0,269950,109.130559,399842819,0.999607,154356,0.000386,199997175,0.999986,750948064,3.754740,13890582,0.069453,8351933,0.041760,19339365371,96.696827,20112555950,100.562780
osm_cellids_200M_uint64,200000000,0.500000,pgm_eps16,min_max_cutoff,0.001000,0,47283,62.607194,399824807,0.999562,173545,0.000434,199998352,0.999992,56960636,0.284803,12099619,0.060498,12484425,0.062422,26474451279,132.372256,26555995959,132.779980
osm_cellids_200M_uint64,200000000,0.250000,pgm_eps128,min_max_cutoff,0.001000,0,269950,109.131705,799842819,0.999804,154356,0.000193,199997175,0.999986,795465306,3.977327,13377700,0.066888,8180882,0.040904,20764453820,103.822269,21581477708,107.907389
osm_cellids_200M_uint64,200000000,0.500000,pgm_hash_eps128,min_max_cutoff,0.001000,0,17542,6.968186,323792887,0.809482,31095210,0.077738,154888097,0.774440,1626998841,8.134994,12833617,0.064168,10026243,0.050131,22086359371,110.431797,23736218072,118.681090
osm_cellids_200M_uint64,200000000,0.250000,pgm_eps16,min_max_cutoff,0.001000,0,47283,62.609190,799824807,0.999781,173545,0.000217,199998352,0.999992,677666750,3.388334,12737084,0.063685,9248631,0.046243,26727927441,133.639637,27427579906,137.137900
osm_cellids_200M_uint64,200000000,0.500000,pgm_hash_eps16,min_max_cutoff,0.001000,0,15504,4.822780,309906781,0.774767,34278535,0.085696,144185316,0.720927,26829544,0.134148,14316826,0.071584,9781513,0.048908,32047044882,160.235224,32097972765,160.489864
osm_cellids_200M_uint64,200000000,0.250000,pgm_hash_eps128,min_max_cutoff,0.001000,0,9818,5.342891,701831846,0.877290,31504118,0.039380,133335964,0.666680,2768194788,13.840974,12212269,0.061061,12592013,0.062960,23144813223,115.724066,25937812293,129.689061
osm_cellids_200M_uint64,200000000,0.500000,pgm_eps128,min_max_cutoff,0.010000,0,26971,32.068806,398339202,0.995848,1637060,0.004093,199976262,0.999881,309238838,1.546194,139655780,0.698279,75189452,0.375947,32346245127,161.731226,32870329197,164.351646
osm_cellids_200M_uint64,200000000,0.250000,pgm_hash_eps16,min_max_cutoff,0.001000,0,15330,3.841701,685703113,0.857129,32269333,0.040337,117972446,0.589862,2157677817,10.788389,14076511,0.070383,13275601,0.066378,36218625730,181.093129,38403655659,192.018278
osm_cellids_200M_uint64,200000000,0.500000,pgm_eps16,min_max_cutoff,0.010000,0,4747,18.798403,398211327,0.995528,1772961,0.004432,199984288,0.999921,2667121849,13.335609,142230041,0.711150,77610044,0.388050,46392120361,231.960602,49279082295,246.395411
osm_cellids_200M_uint64,200000000,0.250000,pgm_eps128,min_max_cutoff,0.010000,0,26971,32.072703,798339202,0.997924,1637060,0.002046,199976262,0.999881,3218736136,16.093681,141750998,0.708755,62722304,0.313612,42090055391,210.450277,45513264829,227.566324
osm_cellids_200M_uint64,200000000,0.500000,pgm_hash_eps128,min_max_cutoff,0.010000,0,8714,4.391656,308994534,0.772486,34560370,0.086401,143554904,0.717775,2162327881,10.811639,142337863,0.711689,74703054,0.373515,36004061850,180.020309,38383430648,191.917153
osm_cellids_200M_uint64,200000000,0.500000,pgm_hash_eps16,min_max_cutoff,0.010000,0,3462,2.952946,294754120,0.736885,37052818,0.092632,131806938,0.659035,2675163073,13.375815,142089733,0.710449,73929011,0.369645,53051887289,265.259436,55943069106,279.715346
osm_cellids_200M_uint64,200000000,0.250000,pgm_eps16,min_max_cutoff,0.010000,0,4747,18.805051,798211327,0.997764,1772961,0.002216,199984288,0.999921,2953143733,14.765719,141792696,0.708963,73748057,0.368740,72867714406,364.338572,76036398892,380.181994
osm_cellids_200M_uint64,200000000,0.500000,pgm_eps128,min_max_cutoff,0.100000,0,2978,9.528757,384264960,0.960662,14044980,0.035112,198309940,0.991550,6812689264,34.063446,1634981035,8.174905,617115563,3.085578,47316712053,236.583560,56381497915,281.907490
osm_cellids_200M_uint64,200000000,0.250000,pgm_hash_eps128,min_max_cutoff,0.010000,0,8714,3.468403,684591160,0.855739,32414980,0.040519,117006140,0.585031,294727145,1.473636,152467309,0.762337,72192080,0.360960,54372851587,271.864258,54892238121,274.461191
osm_cellids_200M_uint64,200000000,0.500000,pgm_eps16,min_max_cutoff,0.100000,0,516,5.767928,383020402,0.957551,15652369,0.039131,198672771,0.993364,6247030664,31.235153,1696953640,8.484768,718299466,3.591497,110387806447,551.939032,119050090217,595.250451
osm_cellids_200M_uint64,200000000,0.250000,pgm_hash_eps16,min_max_cutoff,0.010000,0,3289,2.410397,668936935,0.836171,31715391,0.039644,100652326,0.503262,275303747,1.376519,155339753,0.776699,87345025,0.436725,115151275661,575.756378,115669264186,578.346321
osm_cellids_200M_uint64,200000000,0.500000,pgm_hash_eps128,min_max_cutoff,0.100000,0,2744,2.822545,293914473,0.734786,37276733,0.093192,131191206,0.655956,6833955124,34.169776,1635634391,8.178172,608642946,3.043215,77421254655,387.106273,86499487116,432.497436
osm_cellids_200M_uint64,200000000,0.250000,pgm_eps128,min_max_cutoff,0.100000,0,2978,9.541866,784264960,0.980331,14044980,0.017556,198309940,0.991550,2571214165,12.856071,1831411123,9.157056,1014403317,5.072017,75619063562,378.095318,81036092167,405.180461
osm_cellids_200M_uint64,200000000,0.500000,pgm_hash_eps16,min_max_cutoff,0.100000,0,478,1.868499,279727823,0.699320,38322964,0.095807,118050787,0.590254,7806207255,39.031036,1642716111,8.213581,715808302,3.579042,109646982887,548.234914,119811714555,599.058573
osm_cellids_200M_uint64,200000000,0.250000,pgm_eps16,min_max_cutoff,0.100000,0,516,5.789559,783020402,0.978776,15652369,0.019565,198672771,0.993364,2607781047,13.038905,1827688955,9.138445,862843090,4.314215,158758407527,793.792038,164056720619,820.283603
osm_cellids_200M_uint64,200000000,0.500000,pgm_eps128,min_max_cutoff,1.000000,0,257,2.838264,311359833,0.778400,42071167,0.105178,153431000,0.767155,11615983187,58.079916,30394885967,151.974430,9704576125,48.522881,97574089719,487.870449,149289534998,746.447675
osm_cellids_200M_uint64,200000000,0.250000,pgm_hash_eps128,min_max_cutoff,0.100000,0,2744,2.302361,667968121,0.834960,31700695,0.039626,99668816,0.498344,8832416132,44.162081,1633972544,8.169863,627029730,3.135149,123883873354,619.419367,134977291760,674.886459
osm_cellids_200M_uint64,200000000,0.500000,pgm_eps16,min_max_cutoff,1.000000,0,34,1.799229,298107117,0.745268,46257615,0.115644,144364732,0.721824,9170140434,45.850702,28939499755,144.697499,10921461372,54.607307,141852405147,709.262026,190883506708,954.417534
osm_cellids_200M_uint64,200000000,0.500000,pgm_hash_eps128,min_max_cutoff,1.000000,0,257,1.811359,278947916,0.697370,38516267,0.096291,117464183,0.587321,10248337155,51.241686,30867101708,154.335509,10842094949,54.210475,73250932514,366.254663,125208466326,626.042332
osm_cellids_200M_uint64,200000000,0.250000,pgm_hash_eps16,min_max_cutoff,0.100000,0,478,1.577981,653576323,0.816970,29490383,0.036863,83066706,0.415334,7430392987,37.151965,2149243853,10.746219,1067969875,5.339849,278491662532,1392.458313,289139269247,1445.696346
osm_cellids_200M_uint64,200000000,0.500000,pgm_hash_eps16,min_max_cutoff,1.000000,0,33,1.337418,263163557,0.657909,37732967,0.094332,100896524,0.504483,11812585084,59.062925,25533140781,127.665704,7196659054,35.983295,104533329505,522.666648,149075714424,745.378572
osm_cellids_200M_uint64,200000000,0.250000,pgm_eps128,min_max_cutoff,1.000000,0,257,2.881968,711359833,0.889200,42071167,0.052589,153431000,0.767155,7558818118,37.794091,19245475290,96.227376,11342881997,56.714410,112391398896,561.956994,150538574301,752.692872
osm_cellids_200M_uint64,200000000,0.250000,pgm_eps16,min_max_cutoff,1.000000,0,34,1.867411,698107117,0.872634,46257615,0.057822,144364732,0.721824,4065725603,20.328628,18083010081,90.415050,6591031630,32.955158,90949999416,454.749997,119689766730,598.448834
osm_cellids_200M_uint64,200000000,0.250000,pgm_hash_eps128,min_max_cutoff,1.000000,0,257,1.536073,652682115,0.815853,29391871,0.036740,82073986,0.410370,2412040677,12.060203,18110571311,90.552857,5936271803,29.681359,47094975358,235.474877,73553859149,367.769296
osm_cellids_200M_uint64,200000000,0.250000,pgm_hash_eps16,min_max_cutoff,1.000000,0,33,1.203614,638250193,0.797813,25428679,0.031786,63678872,0.318394,3432559926,17.162800,18088734809,90.443674,6606846903,33.034235,89522122461,447.610612,117650264099,588.251320
wiki_ts_200M_uint64,90437011,0.750000,pgm_eps128,min_max_cutoff,0.001000,0,66630,33.003508,120492523,0.999252,90153,0.000748,90437006,1.000000,13267242,0.146701,5474482,0.060534,2687654,0.029719,6818148483,75.391130,6839577861,75.628084
wiki_ts_200M_uint64,90437011,0.500000,pgm_eps128,min_max_cutoff,0.001000,0,66630,33.007296,180783864,0.999502,90153,0.000498,90437006,1.000000,10209990,0.112896,5351933,0.059179,4540963,0.050211,7238825140,80.042729,7258928026,80.265015
wiki_ts_200M_uint64,90437011,0.750000,pgm_eps16,min_max_cutoff,0.001000,0,32236,35.891586,120493295,0.999259,89383,0.000741,90437008,1.000000,10216771,0.112971,5293927,0.058537,3937558,0.043539,7875984077,87.088063,7895432333,87.303110
wiki_ts_200M_uint64,90437011,0.500000,pgm_eps16,min_max_cutoff,0.001000,0,32236,35.895069,180784636,0.999506,89383,0.000494,90437008,1.000000,10674217,0.118029,4836596,0.053480,8719717,0.096418,8664955757,95.812054,8689186287,96.079981
wiki_ts_200M_uint64,90437011,0.750000,pgm_hash_eps128,min_max_cutoff,0.001000,0,66630,7.072932,50404038,0.418004,13764523,0.114150,34022891,0.376205,9308957,0.102933,5196315,0.057458,2143433,0.023701,5932037447,65.593029,5948686152,65.777120
wiki_ts_200M_uint64,90437011,0.500000,pgm_hash_eps128,min_max_cutoff,0.001000,0,66630,7.083298,106769818,0.590299,10241664,0.056623,26574471,0.293845,13402716,0.148199,5121718,0.056633,2226750,0.024622,6297507735,69.634187,6318258919,69.863642
wiki_ts_200M_uint64,90437011,0.750000,pgm_hash_eps16,min_max_cutoff,0.001000,0,13334,1.554814,35683559,0.295926,4922582,0.040823,10460471,0.115666,9836112,0.108762,5196320,0.057458,2423069,0.026793,8003919323,88.502696,8021374824,88.695709
wiki_ts_200M_uint64,90437011,0.500000,pgm_hash_eps16,min_max_cutoff,0.001000,0,13334,1.609499,93050634,0.514450,2378734,0.013151,4992357,0.055203,10323428,0.114150,5180101,0.057279,2410283,0.026652,8410128058,92.994317,8428041870,93.192397
wiki_ts_200M_uint64,90437011,0.750000,pgm_eps128,min_max_cutoff,0.010000,0,23802,13.157859,119683920,0.992547,898665,0.007453,90436915,0.999999,117364601,1.297750,68016654,0.752089,24150522,0.267042,8954408568,99.012655,9163940345,101.329536
wiki_ts_200M_uint64,90437011,0.500000,pgm_eps128,min_max_cutoff,0.010000,0,23802,13.167356,179975261,0.995031,898665,0.004968,90436915,0.999999,115798218,1.280430,63560052,0.702810,18025993,0.199321,9266353805,102.461964,9463738068,104.644525
wiki_ts_200M_uint64,90437011,0.750000,pgm_eps16,min_max_cutoff,0.010000,0,3749,12.103505,119694808,0.992637,887784,0.007362,90436922,0.999999,115399220,1.276018,64549409,0.713750,24661286,0.272690,8754692519,96.804311,8959302434,99.066769
wiki_ts_200M_uint64,90437011,0.500000,pgm_eps16,min_max_cutoff,0.010000,0,3749,12.113829,179986149,0.995091,887784,0.004908,90436922,0.999999,108718013,1.202141,65163302,0.720538,25043375,0.276915,9240355108,102.174486,9439279798,104.374080
wiki_ts_200M_uint64,90437011,0.750000,pgm_hash_eps128,min_max_cutoff,0.010000,0,7415,0.993041,35135115,0.291378,4435281,0.036782,9424726,0.104213,113233971,1.252076,63679200,0.704128,18199199,0.201236,7960033613,88.017434,8155145983,90.174873
wiki_ts_200M_uint64,90437011,0.500000,pgm_hash_eps128,min_max_cutoff,0.010000,0,7414,1.078623,92651456,0.512243,2004258,0.011081,4218703,0.046648,113988322,1.260417,62916772,0.695697,17722656,0.195967,8581460492,94.888812,8776088242,97.040892
wiki_ts_200M_uint64,90437011,0.750000,pgm_hash_eps16,min_max_cutoff,0.010000,0,1112,0.636339,35848758,0.297296,5169450,0.042871,10872538,0.120222,112375357,1.242582,63355490,0.700548,24436828,0.270208,8184732021,90.502018,8384899696,92.715356
wiki_ts_200M_uint64,90437011,0.500000,pgm_hash_eps16,min_max_cutoff,0.010000,0,1112,0.760535,93136214,0.514923,2521767,0.013942,5220970,0.057730,109840854,1.214556,62903389,0.695549,24384810,0.269633,8564580508,94.702162,8761709561,96.881901
wiki_ts_200M_uint64,90437011,0.750000,pgm_eps128,min_max_cutoff,0.100000,0,2344,4.867183,111648165,0.925905,8925336,0.074018,90427831,0.999898,1157257793,12.796285,697955711,7.717589,229041083,2.532603,8845077056,97.803731,10929331643,120.850209
wiki_ts_200M_uint64,90437011,0.500000,pgm_eps128,min_max_cutoff,0.100000,0,2344,4.892798,171939506,0.950604,8925336,0.049346,90427831,0.999898,1113848253,12.316288,702240662,7.764970,222607241,2.461462,9084562046,100.451817,11123258202,122.994536
wiki_ts_200M_uint64,90437011,0.750000,pgm_eps16,min_max_cutoff,0.100000,0,427,3.474485,111637661,0.925818,8938882,0.074131,90430873,0.999932,1110129421,12.275167,703178861,7.775344,234408496,2.591953,10701608835,118.332182,12749325613,140.974646
wiki_ts_200M_uint64,90437011,0.500000,pgm_eps16,min_max_cutoff,0.100000,0,427,3.510277,171929002,0.950546,8938882,0.049420,90430873,0.999932,1040468524,11.504897,692818466,7.660785,229625559,2.539066,11289008026,124.827301,13251920575,146.532050
wiki_ts_200M_uint64,90437011,0.750000,pgm_hash_eps128,min_max_cutoff,0.100000,0,378,0.615520,35282121,0.292597,4642229,0.038498,9778680,0.108127,1049460356,11.604324,696056527,7.696589,230561158,2.549412,7841350883,86.705109,9817428924,108.555433
wiki_ts_200M_uint64,90437011,0.500000,pgm_hash_eps128,min_max_cutoff,0.100000,0,378,0.746487,92752933,0.512804,2153054,0.011904,4468976,0.049415,1091847640,12.073018,698207821,7.720377,228420060,2.525737,8387738129,92.746742,10406213650,115.065873
wiki_ts_200M_uint64,90437011,0.750000,pgm_hash_eps16,min_max_cutoff,0.100000,0,49,0.616102,35429076,0.293816,4816481,0.039943,10099887,0.111679,1117278636,12.354219,699913326,7.739235,227396683,2.514421,10137202502,112.091304,12181791147,134.699179
wiki_ts_200M_uint64,90437011,0.500000,pgm_hash_eps16,min_max_cutoff,0.100000,0,35,0.745393,92762976,0.512860,2173074,0.012014,4499039,0.049748,1039505150,11.494245,695208068,7.687207,226954305,2.509529,9799249512,108.354416,11760917035,130.045397
wiki_ts_200M_uint64,90437011,0.750000,pgm_eps128,min_max_cutoff,1.000000,0,255,1.171396,44673393,0.370479,13275041,0.110091,27802764,0.307427,447233653,4.945250,8080655874,89.351205,2193262179,24.251821,8217694495,90.866498,18938846201,209.414774
wiki_ts_200M_uint64,90437011,0.500000,pgm_eps128,min_max_cutoff,1.000000,0,255,1.273643,104964734,0.580320,13275041,0.073394,27802764,0.307427,447724512,4.950678,8067392169,89.204542,2178792742,24.091826,8503093416,94.022274,19197002839,212.269320
wiki_ts_200M_uint64,90437011,0.750000,pgm_eps16,min_max_cutoff,1.000000,0,34,0.810440,44364561,0.367918,13101808,0.108654,27320699,0.302096,409634860,4.529505,8066521420,89.194914,2061794816,22.798131,10492575867,116.020817,21030526963,232.543366
wiki_ts_200M_uint64,90437011,0.500000,pgm_eps16,min_max_cutoff,1.000000,0,34,0.952267,104655902,0.578612,13101808,0.072436,27320699,0.302096,451797576,4.995715,8073565500,89.272803,2034511044,22.496443,11087954620,122.604169,21647828740,239.369131
wiki_ts_200M_uint64,90437011,0.750000,pgm_hash_eps128,min_max_cutoff,1.000000,0,123,0.607108,34960576,0.289930,4383437,0.036352,9198343,0.101710,421690246,4.662806,8100820785,89.574176,2220661534,24.554787,7793846756,86.179836,18537019321,204.971605
wiki_ts_200M_uint64,90437011,0.500000,pgm_hash_eps128,min_max_cutoff,1.000000,0,122,0.741055,92471063,0.511246,1890602,0.010453,3924654,0.043397,440981938,4.876122,8166907452,90.304925,2266925450,25.066346,8348562870,92.313565,19223377710,212.560958
wiki_ts_200M_uint64,90437011,0.750000,pgm_hash_eps16,min_max_cutoff,1.000000,0,33,0.603229,34842579,0.288952,4314463,0.035780,9011372,0.099643,471221419,5.210493,8293218597,91.701600,2117547132,23.414608,8734932391,96.585815,19616919539,216.912515
wiki_ts_200M_uint64,90437011,0.250000,pgm_eps128,min_max_cutoff,0.001000,0,66630,33.011083,361657886,0.999751,90153,0.000249,90437006,1.000000,10371278,0.114680,5309463,0.058709,2165260,0.023942,8059754393,89.120088,8077600394,89.317419
wiki_ts_200M_uint64,90437011,0.500000,pgm_hash_eps16,min_max_cutoff,1.000000,0,33,0.739023,92377972,0.510731,1819407,0.010059,3760368,0.041580,441990169,4.887271,7932829625,87.716628,2020563815,22.342222,12214912019,135.065411,22610295628,250.011532
wiki_ts_200M_uint64,90437011,1.000000,pgm_eps128,min_max_cutoff,0.001000,0,66630,32.999721,90346853,0.999003,90153,0.000997,90437006,1.000000,15388201,0.170154,5268285,0.058254,2224458,0.024597,6128182061,67.761882,6151063005,68.014886
wiki_ts_200M_uint64,90437011,0.250000,pgm_eps16,min_max_cutoff,0.001000,0,32236,35.898551,361658658,0.999753,89383,0.000247,90437008,1.000000,9305411,0.102894,4773895,0.052787,2259648,0.024986,9409319125,104.042792,9425658079,104.223459
wiki_ts_200M_uint64,90437011,1.000000,pgm_eps16,min_max_cutoff,0.001000,0,32236,35.888103,90347625,0.999012,89383,0.000988,90437008,1.000000,10482365,0.115908,4714670,0.052132,2159735,0.023881,8161663225,90.246937,8179019995,90.438858
wiki_ts_200M_uint64,90437011,0.250000,pgm_hash_eps128,min_max_cutoff,0.001000,0,66630,7.097531,285922327,0.790391,8721559,0.024109,23332853,0.258001,11366622,0.125686,4950772,0.054743,2052959,0.022700,7113235148,78.654027,7131605501,78.857156
wiki_ts_200M_uint64,90437011,1.000000,pgm_hash_eps128,min_max_cutoff,0.001000,0,66630,7.064429,24991161,0.276338,17812123,0.196956,42803284,0.473294,8592186,0.095007,4682812,0.051780,1925011,0.021286,5635440715,62.313434,5650640724,62.481507
wiki_ts_200M_uint64,90437011,0.250000,pgm_hash_eps16,min_max_cutoff,0.001000,0,13334,1.671524,272091540,0.752158,715750,0.001979,1496257,0.016545,11206152,0.123911,5350498,0.059163,2339650,0.025870,9960980619,110.142745,9979876919,110.351689
wiki_ts_200M_uint64,90437011,1.000000,pgm_hash_eps16,min_max_cutoff,0.001000,0,13334,1.555349,15881451,0.175608,14515196,0.160501,30396647,0.336108,9495909,0.105000,5245124,0.057998,2355529,0.026046,7668934793,84.798632,7686031355,84.987676
wiki_ts_200M_uint64,90437011,1.000000,pgm_eps128,min_max_cutoff,0.010000,0,23802,13.148356,89538250,0.990062,898665,0.009937,90436915,0.999999,122176166,1.350953,65095971,0.719793,18910328,0.209099,8882513310,98.217679,9088695775,100.497525
wiki_ts_200M_uint64,90437011,0.250000,pgm_eps128,min_max_cutoff,0.010000,0,23802,13.176846,360849283,0.997516,898665,0.002484,90436915,0.999999,121955349,1.348511,63444448,0.701532,17644314,0.195101,10705070534,118.370459,10908114645,120.615603
wiki_ts_200M_uint64,90437011,1.000000,pgm_eps16,min_max_cutoff,0.010000,0,3749,12.093173,89549138,0.990182,887784,0.009817,90436922,0.999999,118889731,1.314614,65622300,0.725613,24589735,0.271899,8594384260,95.031715,8803486026,97.343841
wiki_ts_200M_uint64,90437011,0.250000,pgm_eps16,min_max_cutoff,0.010000,0,3749,12.124143,360860171,0.997546,887784,0.002454,90436922,0.999999,108401278,1.198638,62885769,0.695354,24526429,0.271199,10716672589,118.498748,10912486065,120.663940
wiki_ts_200M_uint64,90437011,1.000000,pgm_hash_eps128,min_max_cutoff,0.010000,0,7415,0.997522,15851535,0.175277,14700880,0.162554,30552415,0.337831,108638906,1.201266,65519324,0.724475,18325696,0.202635,7859026605,86.900557,8051510531,89.028932
wiki_ts_200M_uint64,90437011,0.250000,pgm_hash_eps128,min_max_cutoff,0.010000,0,7414,1.171335,271900062,0.751628,535455,0.001480,1124484,0.012434,116739424,1.290837,62398507,0.689966,17755403,0.196329,10054595022,111.177879,10251488356,113.355011
wiki_ts_200M_uint64,90437011,1.000000,pgm_hash_eps16,min_max_cutoff,0.010000,0,1113,0.634145,15909848,0.175922,14602218,0.161463,30512066,0.337385,115234569,1.274197,65099650,0.719834,25198273,0.278628,8143960243,90.051188,8349492735,92.323847
wiki_ts_200M_uint64,90437011,1.000000,pgm_eps128,min_max_cutoff,0.100000,0,2344,4.841433,81502495,0.901207,8925336,0.098691,90427831,0.999898,1137539615,12.578253,707207856,7.819894,223934400,2.476137,8789588803,97.190174,10858270674,120.064458
wiki_ts_200M_uint64,90437011,0.250000,pgm_hash_eps16,min_max_cutoff,0.010000,0,1112,0.884800,272139090,0.752289,798223,0.002207,1626280,0.017982,105018548,1.161234,59512748,0.658057,24296647,0.268658,10007652525,110.658816,10196480468,112.746765
wiki_ts_200M_uint64,90437011,1.000000,pgm_eps16,min_max_cutoff,0.100000,0,427,3.438320,81491991,0.901091,8938882,0.098841,90430873,0.999932,939604807,10.389605,700907968,7.750234,235784503,2.607168,10517708101,116.298714,12394005379,137.045721
wiki_ts_200M_uint64,90437011,0.250000,pgm_eps128,min_max_cutoff,0.100000,0,2344,4.918280,352813528,0.975302,8925336,0.024673,90427831,0.999898,958677041,10.600495,695749344,7.693193,226804637,2.507874,9961094866,110.144008,11842325888,130.945569
wiki_ts_200M_uint64,90437011,1.000000,pgm_hash_eps128,min_max_cutoff,0.100000,0,378,0.612883,15470224,0.171061,14327247,0.158422,29797471,0.329483,851910393,9.419931,700100151,7.741301,224927384,2.487117,7632180749,84.392227,9409118677,104.040576
wiki_ts_200M_uint64,90437011,0.250000,pgm_eps16,min_max_cutoff,0.100000,0,427,3.545708,352803024,0.975273,8938882,0.024710,90430873,0.999932,909604863,10.057883,696848754,7.705349,228568809,2.527381,12749795310,140.979840,14584817736,161.270453
wiki_ts_200M_uint64,90437011,1.000000,pgm_hash_eps16,min_max_cutoff,0.100000,0,57,0.598067,14793950,0.163583,13679005,0.151255,28472955,0.314837,1071744963,11.850734,697342833,7.710812,229646063,2.539293,10667800707,117.958351,12666534566,140.059191
wiki_ts_200M_uint64,90437011,0.250000,pgm_hash_eps128,min_max_cutoff,0.100000,0,378,0.875471,271953357,0.751776,617280,0.001706,1259604,0.013928,1042686148,11.529419,694793655,7.682625,305375373,3.376664,9574793549,105.872512,11617648725,128.461220
wiki_ts_200M_uint64,90437011,1.000000,pgm_eps128,min_max_cutoff,1.000000,0,255,1.059325,14527724,0.160639,13275041,0.146788,27802765,0.307427,472826994,5.228247,8096218223,89.523284,2179072963,24.094925,8683378720,96.015764,19431496900,214.862219
wiki_ts_200M_uint64,90437011,0.250000,pgm_hash_eps16,min_max_cutoff,0.100000,0,20,0.874944,271982209,0.751855,647423,0.001790,1318599,0.014580,917943770,10.150090,690553622,7.635741,230562811,2.549430,11312460103,125.086621,13151520306,145.421882
wiki_ts_200M_uint64,90437011,1.000000,pgm_eps16,min_max_cutoff,1.000000,0,34,0.637818,14218891,0.157224,13101808,0.144872,27320699,0.302096,416636429,4.606924,8123290865,89.822638,2025730349,22.399351,10405854681,115.061904,20971512324,231.890817
wiki_ts_200M_uint64,90437011,0.250000,pgm_eps128,min_max_cutoff,1.000000,0,255,1.368272,285838756,0.790160,13275041,0.036697,27802764,0.307427,484175784,5.353735,8072158514,89.257246,2192021532,24.238102,9796125285,108.319870,20544481115,227.168953
wiki_ts_200M_uint64,90437011,1.000000,pgm_hash_eps128,min_max_cutoff,1.000000,0,123,0.588741,14435643,0.159621,13453424,0.148760,27889067,0.308381,430433101,4.759480,8102566595,89.593481,2189167559,24.206545,7467170323,82.567637,18189337578,201.127142
wiki_ts_200M_uint64,90437011,0.250000,pgm_eps16,min_max_cutoff,1.000000,0,34,1.075552,285529924,0.789306,13101808,0.036218,27320699,0.302096,461916852,5.107609,8068523074,89.217047,2080606148,23.006136,12196276665,134.859352,22807322739,252.190143
wiki_ts_200M_uint64,90437011,1.000000,pgm_hash_eps16,min_max_cutoff,1.000000,0,33,0.580112,14145254,0.156410,13250692,0.146518,27395946,0.302928,419420151,4.637705,8079183763,89.334927,2053318812,22.704408,9635326958,106.541856,20187249684,223.218895
wiki_ts_200M_uint64,90437011,0.250000,pgm_hash_eps128,min_max_cutoff,1.000000,0,122,0.873131,271831017,0.751437,496850,0.001373,1016834,0.011244,460595512,5.092998,8133802785,89.938872,2244617266,24.819675,8957945016,99.051759,19796960579,218.903305
wiki_ts_200M_uint64,90437011,0.250000,pgm_hash_eps16,min_max_cutoff,1.000000,0,33,0.872430,271790094,0.751324,461414,0.001276,940475,0.010399,418288878,4.625196,7982059676,88.260985,2002392043,22.141290,10054612834,111.178075,20457353431,226.205546
